individual,member,inbreedcoef,recomnum
pop1_1,pop1,1.0,6
pop1_2,pop1,1.0,3
pop1_3,pop1,1.0,5
pop1_4,pop1,1.0,3
pop1_5,pop1,1.0,5
pop1_6,pop1,1.0,0
pop1_7,pop1,1.0,2
pop1_8,pop1,1.0,1
pop1_9,pop1,1.0,3
pop1_10,pop1,1.0,3
pop1_11,pop1,1.0,2
pop1_12,pop1,1.0,2
pop1_13,pop1,1.0,4
pop1_14,pop1,1.0,3
pop1_15,pop1,1.0,2
pop1_16,pop1,1.0,4
pop1_17,pop1,1.0,1
pop1_18,pop1,1.0,6
pop1_19,pop1,1.0,4
pop1_20,pop1,1.0,6
pop1_21,pop1,1.0,4
pop1_22,pop1,1.0,5
pop1_23,pop1,1.0,1
pop1_24,pop1,1.0,3
pop1_25,pop1,1.0,1
pop1_26,pop1,1.0,4
pop1_27,pop1,1.0,3
pop1_28,pop1,1.0,4
pop1_29,pop1,1.0,3
pop1_30,pop1,1.0,5
pop1_31,pop1,1.0,3
pop1_32,pop1,1.0,7
pop1_33,pop1,1.0,6
pop1_34,pop1,1.0,6
pop1_35,pop1,1.0,5
pop1_36,pop1,1.0,4
pop1_37,pop1,1.0,0
pop1_38,pop1,1.0,6
pop1_39,pop1,1.0,4
pop1_40,pop1,1.0,2
pop1_41,pop1,1.0,3
pop1_42,pop1,1.0,2
pop1_43,pop1,1.0,4
pop1_44,pop1,1.0,2
pop1_45,pop1,1.0,3
pop1_46,pop1,1.0,3
pop1_47,pop1,1.0,3
pop1_48,pop1,1.0,10
pop1_49,pop1,1.0,6
pop1_50,pop1,1.0,7
pop1_51,pop1,1.0,4
pop1_52,pop1,1.0,3
pop1_53,pop1,1.0,7
pop1_54,pop1,1.0,4
pop1_55,pop1,1.0,6
pop1_56,pop1,1.0,6
pop1_57,pop1,1.0,0
pop1_58,pop1,1.0,3
pop1_59,pop1,1.0,4
pop1_60,pop1,1.0,5
pop1_61,pop1,1.0,4
pop1_62,pop1,1.0,1
pop1_63,pop1,1.0,9
pop1_64,pop1,1.0,1
pop1_65,pop1,1.0,9
pop1_66,pop1,1.0,4
pop1_67,pop1,1.0,2
pop1_68,pop1,1.0,1
pop1_69,pop1,1.0,6
pop1_70,pop1,1.0,3
pop1_71,pop1,1.0,1
pop1_72,pop1,1.0,7
pop1_73,pop1,1.0,4
pop1_74,pop1,1.0,5
pop1_75,pop1,1.0,5
pop1_76,pop1,1.0,2
pop1_77,pop1,1.0,1
pop1_78,pop1,1.0,3
pop1_79,pop1,1.0,7
pop1_80,pop1,1.0,2
pop1_81,pop1,1.0,5
pop1_82,pop1,1.0,5
pop1_83,pop1,1.0,3
pop1_84,pop1,1.0,0
pop1_85,pop1,1.0,11
pop1_86,pop1,1.0,3
pop1_87,pop1,1.0,4
pop1_88,pop1,1.0,3
pop1_89,pop1,1.0,2
pop1_90,pop1,1.0,2
pop1_91,pop1,1.0,5
pop1_92,pop1,1.0,4
pop1_93,pop1,1.0,2
pop1_94,pop1,1.0,5
pop1_95,pop1,1.0,3
pop1_96,pop1,1.0,4
pop1_97,pop1,1.0,4
pop1_98,pop1,1.0,3
pop1_99,pop1,1.0,3
pop1_100,pop1,1.0,6
pop2_1,pop2,0.17008764858680064,3
pop2_2,pop2,0.7756466695294273,4
pop2_3,pop2,0.25161668928719155,5
pop2_4,pop2,0.3820587315891763,6
pop2_5,pop2,0.7692202663889618,12
pop2_6,pop2,0.21965070216868637,5
pop2_7,pop2,0.8309503819525317,4
pop2_8,pop2,0.5619130574464799,8
pop2_9,pop2,0.3348561545201586,14
pop2_10,pop2,0.49867003435463314,2
pop2_11,pop2,0.3133445649080678,10
pop2_12,pop2,0.6936958751482623,6
pop2_13,pop2,0.35411290912515603,6
pop2_14,pop2,0.38251396237895796,7
pop2_15,pop2,0.4836037163320943,9
pop2_16,pop2,0.3503142586468068,8
pop2_17,pop2,0.43256626320357405,7
pop2_18,pop2,0.3401714306341815,8
pop2_19,pop2,0.25987795965545574,7
pop2_20,pop2,0.29513752016985667,6
pop2_21,pop2,0.4752063355348504,6
pop2_22,pop2,0.40655555337351895,6
pop2_23,pop2,0.4447638453659517,11
pop2_24,pop2,0.40586955347491266,8
pop2_25,pop2,0.5731179970499237,7
pop2_26,pop2,0.4219338905919103,10
pop2_27,pop2,0.09951543531704003,6
pop2_28,pop2,0.343227242854777,11
pop2_29,pop2,0.10418290437763426,4
pop2_30,pop2,0.5132691467215266,13
pop2_31,pop2,0.353901590723235,5
pop2_32,pop2,0.5810709070982517,8
pop2_33,pop2,0.5187552282723633,10
pop2_34,pop2,0.45299438019202537,7
pop2_35,pop2,0.602172215993253,6
pop2_36,pop2,0.3066903476564766,10
pop2_37,pop2,0.43163481430130995,10
pop2_38,pop2,0.7429555751195218,8
pop2_39,pop2,0.5363856233721113,9
pop2_40,pop2,0.34562461145416623,6
pop2_41,pop2,0.20962910363666246,2
pop2_42,pop2,0.5522907405660319,8
pop2_43,pop2,0.4682122291864617,13
pop2_44,pop2,0.5341448962709411,12
pop2_45,pop2,0.6714550425077668,6
pop2_46,pop2,0.4876793976134258,7
pop2_47,pop2,0.4670362027143116,4
pop2_48,pop2,0.6767042915817443,8
pop2_49,pop2,0.6222875700061783,14
pop2_50,pop2,0.45384341913947773,8
pop2_51,pop2,0.6047413976423037,6
pop2_52,pop2,0.38711309902811764,14
pop2_53,pop2,0.2106699155569376,4
pop2_54,pop2,0.47930911897956585,8
pop2_55,pop2,0.6307519363026086,8
pop2_56,pop2,0.556584724093927,10
pop2_57,pop2,0.5319653526986505,10
pop2_58,pop2,0.24751680784758426,9
pop2_59,pop2,0.3594958594984218,7
pop2_60,pop2,0.3671899236516706,7
pop2_61,pop2,0.34125437820166815,3
pop2_62,pop2,0.5754202160330916,5
pop2_63,pop2,0.3879065356681086,2
pop2_64,pop2,0.4224168173560261,12
pop2_65,pop2,0.5640384812514493,4
pop2_66,pop2,0.572460865451011,9
pop2_67,pop2,0.672607541712671,8
pop2_68,pop2,0.5671411344168982,9
pop2_69,pop2,0.8686972040259785,4
pop2_70,pop2,0.6368615419211137,8
pop2_71,pop2,0.5761567830217664,8
pop2_72,pop2,0.3369645867770604,7
pop2_73,pop2,0.49694490480085185,7
pop2_74,pop2,0.7063847501135133,8
pop2_75,pop2,0.4439454399117206,9
pop2_76,pop2,0.5751047758945387,6
pop2_77,pop2,0.3475154741707514,13
pop2_78,pop2,0.4018127702852483,5
pop2_79,pop2,0.7399640614044788,12
pop2_80,pop2,0.26787213278764077,6
pop2_81,pop2,0.5151695942695341,11
pop2_82,pop2,0.4878162063327994,6
pop2_83,pop2,0.6141403468845514,9
pop2_84,pop2,0.5159724184623589,9
pop2_85,pop2,0.7039157840354955,8
pop2_86,pop2,0.19346776424109774,4
pop2_87,pop2,0.5622335340949034,13
pop2_88,pop2,0.39763535985414344,5
pop2_89,pop2,0.40308130334362374,6
pop2_90,pop2,0.3400890052529098,7
pop2_91,pop2,0.37786190327205665,8
pop2_92,pop2,0.9224732763529601,3
pop2_93,pop2,0.528760029435121,12
pop2_94,pop2,0.6852669090234101,8
pop2_95,pop2,0.6146641023337617,8
pop2_96,pop2,0.6085157569889565,8
pop2_97,pop2,0.8733450615662067,2
pop2_98,pop2,0.3909500726348171,7
pop2_99,pop2,0.3474598945927996,7
pop2_100,pop2,0.41215588217509463,12
pop3_1,pop3,0.7794983030618626,11
pop3_2,pop3,0.6433570697016304,10
pop3_3,pop3,0.9357721128952595,10
pop3_4,pop3,1.0,1
pop3_5,pop3,0.8124886675786117,14
pop3_6,pop3,0.9210063754752205,8
pop3_7,pop3,0.6937906601885486,9
pop3_8,pop3,0.8608401612187606,8
pop3_9,pop3,1.0,2
pop3_10,pop3,0.5068626242683784,13
pop3_11,pop3,0.8878938908185334,7
pop3_12,pop3,0.697004026932392,7
pop3_13,pop3,0.891406153056551,8
pop3_14,pop3,0.3202154401508059,16
pop3_15,pop3,0.7719738545452378,13
pop3_16,pop3,0.7545570793266255,13
pop3_17,pop3,0.975724104606736,6
pop3_18,pop3,0.916905936881917,6
pop3_19,pop3,0.851347690496116,9
pop3_20,pop3,0.8294348053003648,4
pop3_21,pop3,0.7910967842464254,9
pop3_22,pop3,0.7075420300905682,6
pop3_23,pop3,0.9667654859003078,8
pop3_24,pop3,0.8997782732948767,10
pop3_25,pop3,0.7215422160432295,12
pop3_26,pop3,0.3233635912168613,7
pop3_27,pop3,0.8935836782346696,4
pop3_28,pop3,0.614348625866611,10
pop3_29,pop3,0.8173373444976716,8
pop3_30,pop3,0.8043667765163282,19
pop3_31,pop3,0.8705949008520395,6
pop3_32,pop3,0.6466164357516087,10
pop3_33,pop3,0.669873315666078,6
pop3_34,pop3,0.9877554795371672,2
pop3_35,pop3,0.7843668581886397,11
pop3_36,pop3,0.6056987314431774,7
pop3_37,pop3,0.863780304920695,6
pop3_38,pop3,0.6782067939292891,12
pop3_39,pop3,0.5326914470289633,11
pop3_40,pop3,0.7947393010028806,7
pop3_41,pop3,0.8462091555454677,7
pop3_42,pop3,0.6133472791657077,23
pop3_43,pop3,0.8962249862093382,10
pop3_44,pop3,0.6724135718615702,5
pop3_45,pop3,0.8470071319803647,6
pop3_46,pop3,0.5841734557146345,12
pop3_47,pop3,0.8739867641326499,7
pop3_48,pop3,0.6858594197226441,13
pop3_49,pop3,0.5716755962132106,9
pop3_50,pop3,0.5036663994214697,17
pop3_51,pop3,0.6192896776026493,15
pop3_52,pop3,0.7985852747646266,9
pop3_53,pop3,0.8938330250944088,8
pop3_54,pop3,0.7267623710288452,8
pop3_55,pop3,0.7800266539075579,9
pop3_56,pop3,0.627405293726613,8
pop3_57,pop3,0.8764172752717307,4
pop3_58,pop3,0.5694631865003299,12
pop3_59,pop3,0.7148995090671899,10
pop3_60,pop3,0.734967890082094,11
pop3_61,pop3,0.8620418627176804,12
pop3_62,pop3,0.8343735058605197,8
pop3_63,pop3,0.9099524603226757,7
pop3_64,pop3,0.777736719944426,5
pop3_65,pop3,0.8581832060017287,6
pop3_66,pop3,0.6538824787876256,9
pop3_67,pop3,0.692510380097193,11
pop3_68,pop3,0.8797885639971957,5
pop3_69,pop3,0.7024175255468209,7
pop3_70,pop3,0.8459981104295426,10
pop3_71,pop3,0.6240353409720705,16
pop3_72,pop3,0.9706782653818873,5
pop3_73,pop3,0.6520435992858193,10
pop3_74,pop3,0.6025199663460334,15
pop3_75,pop3,0.7726833948571519,10
pop3_76,pop3,0.7939772441664721,10
pop3_77,pop3,0.6144224747224597,9
pop3_78,pop3,0.7107029536346248,7
pop3_79,pop3,0.7139906733636338,14
pop3_80,pop3,0.8697776958789445,5
pop3_81,pop3,0.6538216447377783,5
pop3_82,pop3,0.5265210807918074,18
pop3_83,pop3,0.8880572829155188,14
pop3_84,pop3,0.7728860238860684,3
pop3_85,pop3,0.8007864638740901,14
pop3_86,pop3,0.6986014583593008,18
pop3_87,pop3,0.7553604280162918,15
pop3_88,pop3,0.8536149471496043,8
pop3_89,pop3,0.9635108870584005,10
pop3_90,pop3,0.7708227866620023,9
pop3_91,pop3,0.7380791629952874,10
pop3_92,pop3,0.8094398118238906,17
pop3_93,pop3,0.7625682084660497,11
pop3_94,pop3,0.9211563002729565,13
pop3_95,pop3,0.8488559289794626,9
pop3_96,pop3,0.5959627906062275,14
pop3_97,pop3,0.931967121128909,7
pop3_98,pop3,0.838164502043298,6
pop3_99,pop3,0.8485337130087481,15
pop3_100,pop3,0.6294906030862304,11
