individual,member,ishomozygous,peroffspringerror_LG1,offspringexcl_LG1,peroffspringerror_LG2,offspringexcl_LG2,peroffspringerror_LG3,offspringexcl_LG3,peroffspringerror_LG4,offspringexcl_LG4,#LG_large
pop1_1,pop1,true,0.03092140453845564,false,1.0020666207892388e-5,false,1.0017449933556804e-5,false,1.0024860339595299e-5,false,0
pop1_2,pop1,true,0.0042175014774003825,false,1.0017273191985748e-5,false,1.0013629216115306e-5,false,0.06790821001123365,false,0
pop1_3,pop1,true,1.001589259631114e-5,false,1.0021171643959125e-5,false,1.0019683957904312e-5,false,0.014605999228291236,false,0
pop1_4,pop1,true,1.0019772975641494e-5,false,0.029617806083872746,false,0.00401572673438763,false,0.04873278390105935,false,0
pop1_5,pop1,true,0.03274275503001041,false,1.0016464254100031e-5,false,1.0021209973444388e-5,false,0.00398566739714969,false,0
pop1_6,pop1,true,0.03737780985747188,false,1.0013108750561635e-5,false,1.0016566695470927e-5,false,1.00203372215092e-5,false,0
pop1_7,pop1,true,1.0013010023742602e-5,false,1.0021859694280056e-5,false,1.0021828673257553e-5,false,0.027884492577671855,false,0
pop1_8,pop1,true,1.0021994078849735e-5,false,0.007279670674116889,false,0.028479875518881717,false,1.001619941621812e-5,false,0
pop1_9,pop1,true,1.0017941422435278e-5,false,1.0024569647426414e-5,false,1.0018173809559645e-5,false,0.08001393711002663,false,0
pop1_10,pop1,true,1.0528903186872177e-5,false,1.0024283865473436e-5,false,1.0015109334956256e-5,false,0.01910773562991012,false,0
pop1_11,pop1,true,0.033717608027311614,false,0.020174839575119324,false,1.0018660219650582e-5,false,0.01931973943448033,false,0
pop1_12,pop1,true,0.0609719397684299,false,1.001276864049774e-5,false,1.0021230026485541e-5,false,1.0013503895468387e-5,false,0
pop1_13,pop1,true,0.07770803712101781,false,1.0020559936806596e-5,false,1.002234267979123e-5,false,0.0025613807831866195,false,0
pop1_14,pop1,true,0.0157952918262389,false,0.04540372370662864,false,0.005213468960806039,false,0.01843894485774383,false,0
pop1_15,pop1,true,0.04908690569234989,false,1.0020499138255654e-5,false,1.0023755083588285e-5,false,1.0013911742861438e-5,false,0
pop1_16,pop1,true,1.0016225489155263e-5,false,0.010564923983327102,false,1.0341434790556241e-5,false,0.07326391645094393,false,0
pop1_17,pop1,true,1.0019284586298553e-5,false,0.0079787991063444,false,8.969126848210796e-5,false,1.0016706570431418e-5,false,0
pop1_18,pop1,true,1.0017147254463088e-5,false,1.0014979078370977e-5,false,1.0022459239124694e-5,false,0.012282966643349652,false,0
pop1_19,pop1,true,0.08015861536557316,false,0.01954956998723648,false,0.03817142435314863,false,0.13464110933012705,false,0
pop1_20,pop1,true,1.00205609980207e-5,false,1.0014901280883427e-5,false,1.0022973963581904e-5,false,1.0014138567662308e-5,false,0
pop1_21,pop1,true,0.011916851853964756,false,0.03917046701037527,false,1.0015928660268854e-5,false,1.0014733087296416e-5,false,0
pop1_22,pop1,true,0.03895333146680082,false,1.0016882196982243e-5,false,1.0015932571587085e-5,false,1.0016175742425365e-5,false,0
pop1_23,pop1,true,0.02648222875658391,false,0.0413438771921636,false,0.030321158897754236,false,1.0012655827994311e-5,false,0
pop1_24,pop1,true,0.026389732597187205,false,1.0022975492448161e-5,false,1.0015076817746444e-5,false,0.020136653392678158,false,0
pop1_25,pop1,true,0.11748082814721783,false,0.0030102765393212093,false,1.0021216026297995e-5,false,0.03376976422874499,false,0
pop1_26,pop1,true,1.0021228096660505e-5,false,0.029899285809142976,false,1.002181672424355e-5,false,1.0023677773651853e-5,false,0
pop1_27,pop1,true,0.009981174739536202,false,1.0014104238697476e-5,false,0.024766434076391154,false,1.0019273369144795e-5,false,0
pop1_28,pop1,true,1.0024284811830403e-5,false,0.09912966761641998,false,1.0020550184589428e-5,false,6.069868324444326e-5,false,0
pop1_29,pop1,true,0.0019286283085492271,false,0.018162963842419617,false,1.0020770157032306e-5,false,1.0020761002237047e-5,false,0
pop1_30,pop1,true,1.001972063383339e-5,false,0.008132436896320932,false,0.017515299300479036,false,1.0022772406486261e-5,false,0
pop1_31,pop1,true,1.0020208200272929e-5,false,1.0020401948891906e-5,false,1.0014571974269884e-5,false,0.041882304489484885,false,0
pop1_32,pop1,true,1.0012909660506961e-5,false,1.0022660336851495e-5,false,1.0015646365260992e-5,false,1.0021584662603033e-5,false,0
pop1_33,pop1,true,0.06100576476198779,false,1.0021262785927514e-5,false,0.033453083428299384,false,1.0022024252518698e-5,false,0
pop1_34,pop1,true,1.0017865189884977e-5,false,0.019553248854908657,false,0.1103021921480463,false,1.0019996638914e-5,false,0
pop1_35,pop1,true,1.0020965052726199e-5,false,0.02550547184422285,false,0.025486089257091435,false,0.025283310531286428,false,0
pop1_36,pop1,true,1.001336590441983e-5,false,0.003442976669432193,false,0.07713151949808687,false,1.0024038933592972e-5,false,0
pop1_37,pop1,true,1.0024276406066918e-5,false,0.04220913977814219,false,0.009169858293686352,false,0.04492765518568284,false,0
pop1_38,pop1,true,0.056651762134613516,false,1.0022222020709355e-5,false,0.05609394930034271,false,1.001993200287073e-5,false,0
pop1_39,pop1,true,0.04687508603473878,false,0.018884502741720346,false,1.0020492017469702e-5,false,1.0015770101627372e-5,false,0
pop1_40,pop1,true,1.0015342399823822e-5,false,0.017775186822710367,false,0.01660383225552773,false,1.001844402302833e-5,false,0
pop1_41,pop1,true,1.0016385269948892e-5,false,1.0015470981316804e-5,false,1.0019977715222164e-5,false,1.001285080060562e-5,false,0
pop1_42,pop1,true,1.0012895123695354e-5,false,1.0018228085692028e-5,false,1.00245736230342e-5,false,0.06823315471009228,false,0
pop1_43,pop1,true,1.0020788426661263e-5,false,1.0013289422336393e-5,false,1.0023994588121284e-5,false,1.0021753914493193e-5,false,0
pop1_44,pop1,true,0.06084498536104002,false,0.03523959717077549,false,1.0013635779615688e-5,false,1.0015565951842518e-5,false,0
pop1_45,pop1,true,0.06424847245225526,false,1.001406634185879e-5,false,1.002081647599042e-5,false,0.024980832902026004,false,0
pop1_46,pop1,true,1.0015840253666294e-5,false,1.0022244866269039e-5,false,1.0017452589288945e-5,false,1.0023515827648843e-5,false,0
pop1_47,pop1,true,1.0013635279876648e-5,false,1.001781412737697e-5,false,0.03450244708297853,false,1.0023007167351323e-5,false,0
pop1_48,pop1,true,0.04309195778253802,false,1.0013201908228344e-5,false,1.001455010379007e-5,false,0.03515828302246182,false,0
pop1_49,pop1,true,0.0765312116719321,false,0.019027768983173175,false,0.042504554363469046,false,1.0016845413615087e-5,false,0
pop1_50,pop1,true,0.11262534856288625,false,1.0021332758330482e-5,false,1.0012956818260937e-5,false,1.0020154889319707e-5,false,0
pop1_51,pop1,true,1.001629094027999e-5,false,0.018419260469001945,false,0.013496339501928694,false,1.002129875426332e-5,false,0
pop1_52,pop1,true,1.0015429210358877e-5,false,1.0019480739159927e-5,false,1.0019192659890388e-5,false,0.015839535578848696,false,0
pop1_53,pop1,true,1.0018169500584561e-5,false,1.0012477164714767e-5,false,0.022415138946699123,false,0.027898827502258153,false,0
pop1_54,pop1,true,0.02781659850021926,false,1.0020153816963619e-5,false,0.008432895162481042,false,1.0022370030454521e-5,false,0
pop1_55,pop1,true,1.0024711801508874e-5,false,0.03494478043850387,false,0.023631019096541344,false,1.0022041993709159e-5,false,0
pop1_56,pop1,true,0.03401067537755802,false,1.0016631395557003e-5,false,0.05498352160899394,false,1.002221915240235e-5,false,0
pop1_57,pop1,true,1.001544096729988e-5,false,0.01683660164879076,false,1.0013275636515417e-5,false,0.0038018857766326537,false,0
pop1_58,pop1,true,1.002252593840078e-5,false,0.039008499302467206,false,0.0308821323773597,false,1.0019367606820501e-5,false,0
pop1_59,pop1,true,0.030995369210397607,false,0.05344904217667792,false,1.0016141157195145e-5,false,0.02222727880744574,false,0
pop1_60,pop1,true,1.0022264979011968e-5,false,1.0023424820903696e-5,false,1.002204486665348e-5,false,0.022457651619245896,false,0
pop1_61,pop1,true,1.0020142402616655e-5,false,0.08136638811913832,false,1.0024244838155115e-5,false,0.02205870464082063,false,0
pop1_62,pop1,true,0.04966896588581013,false,1.0021832470278324e-5,false,1.0019267295405917e-5,false,0.06074181167330542,false,0
pop1_63,pop1,true,1.0017502169245817e-5,false,1.0020541977944688e-5,false,0.04342237082052946,false,0.06970314003964295,false,0
pop1_64,pop1,true,1.0021184619829808e-5,false,1.0024866014394959e-5,false,1.001298962456655e-5,false,0.01686821808844538,false,0
pop1_65,pop1,true,0.021273888748658248,false,1.0017437802395124e-5,false,0.04717569889815879,false,1.0018254397396508e-5,false,0
pop1_66,pop1,true,1.0024652999941874e-5,false,1.0015407956582793e-5,false,1.001342361706653e-5,false,1.0012553924062135e-5,false,0
pop1_67,pop1,true,1.0024598133754995e-5,false,1.0022315341263808e-5,false,1.0020808520300973e-5,false,1.0013658155927387e-5,false,0
pop1_68,pop1,true,1.0017743537239737e-5,false,0.042375110637375424,false,1.0018301034074163e-5,false,0.05777212597545931,false,0
pop1_69,pop1,true,1.0022041707088536e-5,false,0.0324629597807849,false,0.05696457734168013,false,0.007691238941355191,false,0
pop1_70,pop1,true,1.0020576207604634e-5,false,1.0014635373380107e-5,false,1.0013587260269038e-5,false,0.0183881068174507,false,0
pop1_71,pop1,true,1.0014215120356918e-5,false,0.003756282409660189,false,1.0012585364008972e-5,false,0.01791045937668767,false,0
pop1_72,pop1,true,1.00240411805417e-5,false,1.0012506036158343e-5,false,1.0018203604471297e-5,false,1.0017975534672764e-5,false,0
pop1_73,pop1,true,1.0013490836451968e-5,false,1.001350779885164e-5,false,1.0013762729841463e-5,false,0.019730804678668123,false,0
pop1_74,pop1,true,0.0020971888089780484,false,0.006948608154168355,false,3.8753143269871024e-5,false,1.0022477369463969e-5,false,0
pop1_75,pop1,true,0.005991938922594183,false,1.0015398421077566e-5,false,1.0012600602424221e-5,false,1.0016798552578431e-5,false,0
pop1_76,pop1,true,0.06704542885271968,false,0.05753910199417335,false,1.0016736889041828e-5,false,0.0173218478954136,false,0
pop1_77,pop1,true,1.0015194901640403e-5,false,1.0021050387316516e-5,false,1.001436001271669e-5,false,0.01808143306851791,false,0
pop1_78,pop1,true,1.0013601305788087e-5,false,0.035263984675799574,false,1.0015330145441177e-5,false,0.003933529180287548,false,0
pop1_79,pop1,true,1.0013324340929493e-5,false,0.023780388746388936,false,1.0017565665960061e-5,false,0.019543222772429845,false,0
pop1_80,pop1,true,1.0016518328935312e-5,false,1.0017046364897101e-5,false,1.0019439697873807e-5,false,0.03092770990191441,false,0
pop1_81,pop1,true,0.020319915939759188,false,1.0024951113442668e-5,false,1.002410317844832e-5,false,1.0021660988240356e-5,false,0
pop1_82,pop1,true,1.0012597843372111e-5,false,1.0015533543627193e-5,false,0.005827274813082021,false,1.0018546652783996e-5,false,0
pop1_83,pop1,true,1.0012806026720491e-5,false,0.022216527947075352,false,0.007483830165363112,false,1.0024807022013673e-5,false,0
pop1_84,pop1,true,0.004529106441808298,false,1.0016170930723899e-5,false,1.0017178863515202e-5,false,1.0022187305582062e-5,false,0
pop1_85,pop1,true,0.011929285127794254,false,1.002178552006038e-5,false,1.0017599540281882e-5,false,1.0015289940092122e-5,false,0
pop1_86,pop1,true,1.0015022441344168e-5,false,0.01162067476368594,false,1.0020900839512019e-5,false,0.05140471387420491,false,0
pop1_87,pop1,true,1.0022257020075678e-5,false,1.0021714602332479e-5,false,0.040938229259174376,false,0.019441634673882234,false,0
pop1_88,pop1,true,1.0017536109659745e-5,false,0.03330825791757594,false,1.0020327591223071e-5,false,0.009424348595535278,false,0
pop1_89,pop1,true,1.0018941292189579e-5,false,1.0018071577645215e-5,false,1.00189824684909e-5,false,1.0021768522246016e-5,false,0
pop1_90,pop1,true,1.0023594694332303e-5,false,0.04034722844271585,false,0.042764136682286985,false,0.05152508551515471,false,0
pop1_91,pop1,true,1.0013040540158111e-5,false,0.05086094419113917,false,1.0019302908698575e-5,false,1.0023994282600982e-5,false,0
pop1_92,pop1,true,1.0017512953404507e-5,false,1.0020606604044665e-5,false,1.0013456940107209e-5,false,0.10713418796823576,false,0
pop1_93,pop1,true,1.0013680173590364e-5,false,0.020722464487037674,false,1.001254550207032e-5,false,0.0454494420498881,false,0
pop1_94,pop1,true,0.010488560448227553,false,0.057417377143822224,false,1.0018272732064884e-5,false,1.0018948179293949e-5,false,0
pop1_95,pop1,true,1.0017825934839733e-5,false,1.0017880489867256e-5,false,1.0018025396299756e-5,false,0.06482525963693225,false,0
pop1_96,pop1,true,1.001516567309437e-5,false,0.10429179197922245,false,1.0024371649496205e-5,false,1.0024816775744105e-5,false,0
pop1_97,pop1,true,1.002373030976052e-5,false,0.025693166795461717,false,1.0020018980524443e-5,false,1.0020285269835205e-5,false,0
pop1_98,pop1,true,1.0018155055310273e-5,false,1.0020188114488632e-5,false,0.03428008658504531,false,1.0024847154205075e-5,false,0
pop1_99,pop1,true,1.0022101949485358e-5,false,1.0013900739158388e-5,false,1.0021199741530388e-5,false,1.0024855485368185e-5,false,0
pop1_100,pop1,true,0.12731586611189574,false,1.0021884364382928e-5,false,1.0016577989439339e-5,false,1.0019907192750592e-5,false,0
pop2_1,pop2,false,0.031064752060205605,false,1.001416854253584e-5,false,0.017556665217724858,false,1.0013664054843313e-5,false,0
pop2_2,pop2,false,1.0023983218346687e-5,false,0.019159022907956333,false,1.0024403707237029e-5,false,1.00202346125447e-5,false,0
pop2_3,pop2,false,0.04423717020184402,false,0.013477378099055805,false,0.027347328329276728,false,1.0022456710531146e-5,false,0
pop2_4,pop2,false,1.0017638478591595e-5,false,0.040268926976689406,false,0.0532482315214327,false,1.0013692426061535e-5,false,0
pop2_5,pop2,false,0.005089995247429553,false,0.03260431705707281,false,1.0014250802503961e-5,false,1.0022156423831846e-5,false,0
pop2_6,pop2,false,1.0024390054098842e-5,false,0.017670403711866976,false,1.0020977167068463e-5,false,0.05504813633701615,false,0
pop2_7,pop2,false,0.02773089979011925,false,1.0016302221133665e-5,false,1.0018503297197004e-5,false,1.0024130458205854e-5,false,0
pop2_8,pop2,false,0.02134889737989857,false,1.0018464897277177e-5,false,0.035739887086457915,false,1.0018749533595803e-5,false,0
pop2_9,pop2,false,0.08356578001361968,false,0.04891551027607133,false,0.042761261200916466,false,1.0015842664526214e-5,false,0
pop2_10,pop2,false,1.001714488706418e-5,false,1.0016278438415455e-5,false,0.009653871216689688,false,0.028474199928191102,false,0
pop2_11,pop2,false,0.014008786141404888,false,1.0015441830517815e-5,false,1.0020613331207146e-5,false,1.0012580510784801e-5,false,0
pop2_12,pop2,false,1.0013552113286227e-5,false,1.0020696191274611e-5,false,0.06017241127255805,false,0.01345268737922531,false,0
pop2_13,pop2,false,0.02843006915324723,false,1.001294716401246e-5,false,1.00191020981801e-5,false,0.028764870072276336,false,0
pop2_14,pop2,false,1.001710755630521e-5,false,1.0016590979166212e-5,false,1.0015675744065836e-5,false,0.01350360485677459,false,0
pop2_15,pop2,false,0.030707374023711265,false,0.05904497865545998,false,0.039506704406386615,false,0.03694726681223649,false,0
pop2_16,pop2,false,1.0021996243309502e-5,false,0.011789571035416146,false,0.014602703061558876,false,0.03286614953199131,false,0
pop2_17,pop2,false,1.0018014777201963e-5,false,1.001395125610637e-5,false,1.0020549542258843e-5,false,7.377869747278647e-5,false,0
pop2_18,pop2,false,0.001247029354304297,false,1.0020482981812707e-5,false,0.031181023146053703,false,0.019717897244334183,false,0
pop2_19,pop2,false,1.001462196791071e-5,false,1.0014932117218466e-5,false,0.09522384887927278,false,1.0021501423936709e-5,false,0
pop2_20,pop2,false,1.0021533302813387e-5,false,0.0017906469159413285,false,0.009783232510172398,false,1.0014012768030197e-5,false,0
pop2_21,pop2,false,1.0022996192137235e-5,false,1.0017040360913377e-5,false,0.03933165798929087,false,1.0024044386678482e-5,false,0
pop2_22,pop2,false,1.001793855480518e-5,false,0.016001743391458257,false,1.0024948703221018e-5,false,0.004783016443826013,false,0
pop2_23,pop2,false,0.05945864068257265,false,0.04445035487453477,false,0.04999653429244775,false,0.07441334574098316,false,0
pop2_24,pop2,false,1.0022164207098277e-5,false,1.0018441874510133e-5,false,0.09417746362491175,false,0.0007872629717199174,false,0
pop2_25,pop2,false,1.0012982065074705e-5,false,0.10863590799217707,false,0.047790143947637684,false,1.0014648085359192e-5,false,0
pop2_26,pop2,false,1.0016635439427856e-5,false,1.002101306915909e-5,false,1.002125653820525e-5,false,0.05511705199925742,false,0
pop2_27,pop2,false,0.020777840712533642,false,0.05860278871134774,false,1.0023060082530975e-5,false,1.0017056067177125e-5,false,0
pop2_28,pop2,false,0.009362346353996536,false,1.0017632354023203e-5,false,1.0019039425775697e-5,false,1.0021552590245224e-5,false,0
pop2_29,pop2,false,1.0022206173090265e-5,false,0.003903576802823182,false,1.0023815287602365e-5,false,0.014891848118165416,false,0
pop2_30,pop2,false,1.0017793944519479e-5,false,0.04058903690114968,false,0.1268363218836701,false,0.020521383750873767,false,0
pop2_31,pop2,false,1.0019313528195072e-5,false,1.0016729193310379e-5,false,1.002113710114324e-5,false,0.08948818970662144,false,0
pop2_32,pop2,false,1.0024936710826497e-5,false,0.019195427166654233,false,1.001771818490124e-5,false,1.0018152739948474e-5,false,0
pop2_33,pop2,false,0.001056333100744385,false,1.0013768457167198e-5,false,1.0023801610625233e-5,false,0.02037565472909186,false,0
pop2_34,pop2,false,0.013801300979458402,false,0.10944698301419918,false,0.11226278622648402,false,1.0013464041143146e-5,false,0
pop2_35,pop2,false,0.0031628775774216328,false,1.0015492281433308e-5,false,1.0014515756606545e-5,false,1.0016836967324964e-5,false,0
pop2_36,pop2,false,0.031360213942790684,false,1.0023999772254219e-5,false,1.001966739429424e-5,false,0.04404892025944547,false,0
pop2_37,pop2,false,0.028735357911350172,false,1.0012457535121477e-5,false,1.0018292713444767e-5,false,0.023346998227029566,false,0
pop2_38,pop2,false,1.002241665543664e-5,false,1.0021139088763491e-5,false,1.002448281458368e-5,false,0.11632418325199312,false,0
pop2_39,pop2,false,1.001659662389292e-5,false,0.022605908774146543,false,1.0015138587063027e-5,false,1.0012852991082361e-5,false,0
pop2_40,pop2,false,1.0017701418481942e-5,false,1.0012819360137634e-5,false,0.03515980211518,false,0.1211901874111832,false,0
pop2_41,pop2,false,0.01342498357073178,false,1.0020308417557095e-5,false,0.025441143998411363,false,0.021283058812852782,false,0
pop2_42,pop2,false,0.0015183882727912413,false,1.0021032727161157e-5,false,1.0014682608191711e-5,false,0.0807195657803648,false,0
pop2_43,pop2,false,0.018113338494775418,false,1.0021705496695288e-5,false,1.0024088932390822e-5,false,1.0013070573987064e-5,false,0
pop2_44,pop2,false,1.0014139703230678e-5,false,0.026553284088237362,false,1.0016141923442928e-5,false,1.0024723803219543e-5,false,0
pop2_45,pop2,false,0.049006527051686,false,1.0022074262154348e-5,false,0.08139560639848417,false,0.028101793135585303,false,0
pop2_46,pop2,false,0.0438421881454832,false,1.0021830673704338e-5,false,0.15084770412078696,false,1.0022213545964931e-5,false,0
pop2_47,pop2,false,0.02041025712143385,false,0.05102132758557525,false,0.008655164126881524,false,0.04880488483555805,false,0
pop2_48,pop2,false,0.011416485037810634,false,1.0012761495559817e-5,false,0.12552623508622687,false,0.020515692142085252,false,0
pop2_49,pop2,false,0.025673668066751847,false,0.04149267386254413,false,0.024768271978137805,false,1.0020710644743593e-5,false,0
pop2_50,pop2,false,1.0022063811935606e-5,false,0.03429483089011897,false,1.0022767021240178e-5,false,0.0188917250806513,false,0
pop2_51,pop2,false,1.0017595082466967e-5,false,1.0013734476892052e-5,false,1.0022108418816691e-5,false,1.0014689989664833e-5,false,0
pop2_52,pop2,false,1.0018037279529427e-5,false,0.14290449394484586,false,0.06561802950065898,false,1.0016173617637613e-5,false,0
pop2_53,pop2,false,0.005619183149047542,false,1.0016683302601916e-5,false,0.00014840628237518578,false,0.03325268534749789,false,0
pop2_54,pop2,false,1.0021160559174716e-5,false,1.0022709397021587e-5,false,0.09001399045094587,false,1.0023496313108887e-5,false,0
pop2_55,pop2,false,1.0015384234879579e-5,false,0.04999812996419377,false,1.001259969897331e-5,false,1.001962269357379e-5,false,0
pop2_56,pop2,false,1.0012590588109899e-5,false,0.026182138218813118,false,0.03599260825440611,false,0.059364175552501376,false,0
pop2_57,pop2,false,0.0207303968100665,false,0.019799957089163045,false,1.0016001295305756e-5,false,1.0024563636047612e-5,false,0
pop2_58,pop2,false,0.004190049869203029,false,1.0018414359456396e-5,false,1.0024701651862153e-5,false,1.0018747481716094e-5,false,0
pop2_59,pop2,false,1.0018747916418608e-5,false,1.001390343253181e-5,false,0.12044420202091656,false,0.03856421539869031,false,0
pop2_60,pop2,false,0.04467421343613226,false,1.0018612666856289e-5,false,0.020281051373407567,false,1.0015546465475362e-5,false,0
pop2_61,pop2,false,0.02339650123937904,false,1.0015368883800147e-5,false,9.146352306399221e-5,false,1.0023403309853686e-5,false,0
pop2_62,pop2,false,0.046729132412294115,false,0.040028510711908466,false,1.0013232126782525e-5,false,1.001795460100201e-5,false,0
pop2_63,pop2,false,0.05793130742627811,false,1.0024349733591668e-5,false,1.001292668497629e-5,false,1.0013059090950564e-5,false,0
pop2_64,pop2,false,0.039720882174735676,false,0.03025753096072924,false,1.0023467083172826e-5,false,0.030826052717941935,false,0
pop2_65,pop2,false,1.0022263979406995e-5,false,0.06137690816256646,false,1.0024375924892873e-5,false,1.0019434756045189e-5,false,0
pop2_66,pop2,false,0.04635383867853329,false,0.0397929013652335,false,1.0015790818970433e-5,false,0.00012900015580471501,false,0
pop2_67,pop2,false,0.09964661996781636,false,0.011827671620796813,false,1.0021715285620828e-5,false,1.001689033025633e-5,false,0
pop2_68,pop2,false,1.001896231645514e-5,false,1.001734131302804e-5,false,0.00014149238151981979,false,0.043468294899663355,false,0
pop2_69,pop2,false,0.007021477922287326,false,0.02786152340361553,false,0.0016969103834208487,false,1.0020138595335799e-5,false,0
pop2_70,pop2,false,1.0020235769603834e-5,false,1.0021139037504242e-5,false,1.0016573417026756e-5,false,0.028411571821516247,false,0
pop2_71,pop2,false,1.0019041721981632e-5,false,0.013807772999831438,false,1.0018877345439411e-5,false,1.0017168353249045e-5,false,0
pop2_72,pop2,false,0.038316206012416094,false,1.0021175193556e-5,false,1.0015642774056864e-5,false,1.0504929493483363e-5,false,0
pop2_73,pop2,false,0.0005205299684845875,false,0.0016452374725327203,false,1.002409289517494e-5,false,0.10708262402564632,false,0
pop2_74,pop2,false,1.0014603974639854e-5,false,0.048382517705349314,false,1.0023363649142195e-5,false,0.026445478370314666,false,0
pop2_75,pop2,false,1.0023452141230735e-5,false,1.0015267167198502e-5,false,0.09008074513880646,false,1.0021271983432246e-5,false,0
pop2_76,pop2,false,0.023334157345479577,false,0.06927720283062318,false,0.023190051453602863,false,1.0017155311292667e-5,false,0
pop2_77,pop2,false,1.0013170161843556e-5,false,1.0017357165062368e-5,false,0.028882250236345806,false,0.08935645192284031,false,0
pop2_78,pop2,false,1.0020936986551442e-5,false,0.02873339032612826,false,0.04069815199551076,false,0.007819219505292425,false,0
pop2_79,pop2,false,1.0016738016297982e-5,false,0.05407332314502806,false,1.0017475604359351e-5,false,0.031704820635809705,false,0
pop2_80,pop2,false,1.0020116265641958e-5,false,0.01630752794432229,false,1.001755469019837e-5,false,0.07990249408478153,false,0
pop2_81,pop2,false,1.0012593203597495e-5,false,0.023632793830358847,false,1.0020179983277655e-5,false,0.041045359204844235,false,0
pop2_82,pop2,false,0.02741367019906229,false,0.022434712188997653,false,1.0018669206014948e-5,false,0.050460151189785994,false,0
pop2_83,pop2,false,1.0017215332012301e-5,false,1.0017316137334327e-5,false,0.00018927626016015405,false,1.0013310194210147e-5,false,0
pop2_84,pop2,false,0.03348409536661349,false,0.03237905871000544,false,3.645822203021742e-5,false,0.056431904397805245,false,0
pop2_85,pop2,false,1.0014614654603291e-5,false,0.049672535732828496,false,1.0021801928307641e-5,false,0.0073119468189795835,false,0
pop2_86,pop2,false,1.0018567964137975e-5,false,1.0013940126112327e-5,false,1.001562896873041e-5,false,0.025221713657750874,false,0
pop2_87,pop2,false,1.001718006190046e-5,false,0.06524470845402665,false,1.0015940530546298e-5,false,0.03710243642779471,false,0
pop2_88,pop2,false,0.06375381903596954,false,1.002190627872748e-5,false,0.004271767175118767,false,1.0014205733858487e-5,false,0
pop2_89,pop2,false,1.0014631935181173e-5,false,0.022985376694971256,false,1.0012616870335476e-5,false,1.0020650874187164e-5,false,0
pop2_90,pop2,false,0.00928666091183757,false,0.08477608559558372,false,1.0023028041291168e-5,false,0.021360717766621296,false,0
pop2_91,pop2,false,0.00031913658315987854,false,0.017881687790471522,false,0.030689895553461403,false,1.002457567341273e-5,false,0
pop2_92,pop2,false,0.04414180764309869,false,0.060423385651969676,false,1.0023846272977582e-5,false,1.0022729054100068e-5,false,0
pop2_93,pop2,false,1.0020794965711024e-5,false,0.02537687378388514,false,1.0016470354720069e-5,false,0.008362065723544417,false,0
pop2_94,pop2,false,1.0014010672729047e-5,false,1.0019420518652411e-5,false,0.009096878674947888,false,1.0022723372920791e-5,false,0
pop2_95,pop2,false,0.022230609546635915,false,0.014690326738515405,false,1.002207912473723e-5,false,1.0016393371264375e-5,false,0
pop2_96,pop2,false,0.010010352830949953,false,0.012547434800974953,false,1.0021676439619529e-5,false,0.027848759701635133,false,0
pop2_97,pop2,false,0.11362247075099305,false,0.04352184679650553,false,0.013474828324600662,false,1.001454471562034e-5,false,0
pop2_98,pop2,false,0.028632771592938422,false,1.0012632662900128e-5,false,1.0024677462482779e-5,false,1.0024290940025695e-5,false,0
pop2_99,pop2,false,1.0015650285434998e-5,false,1.0024074994096036e-5,false,1.0019425156529435e-5,false,1.0013475368434663e-5,false,0
pop2_100,pop2,false,1.0016539798592708e-5,false,0.05342760646775881,false,0.04816561776966362,false,1.001251305865989e-5,false,0
pop3_1,pop3,false,1.0020562177051612e-5,false,0.049294401640618865,false,1.0020470661781654e-5,false,0.06661197736653633,false,0
pop3_2,pop3,false,1.0020741669455483e-5,false,0.09136700117306475,false,0.008150942833605434,false,0.01950399258888562,false,0
pop3_3,pop3,false,0.02092869921309825,false,1.0023186044237987e-5,false,0.025256139250092284,false,0.059433876605040625,false,0
pop3_4,pop3,false,0.0056390440146688574,false,7.863901011939725e-5,false,1.0419655340525432e-5,false,1.0022100062428412e-5,false,0
pop3_5,pop3,false,0.030807590874665364,false,1.0022310602404241e-5,false,1.0049055763566912e-5,false,1.001505640936583e-5,false,0
pop3_6,pop3,false,1.0017281290040659e-5,false,1.0013714072115862e-5,false,3.848625601845474e-5,false,0.07977664483231464,false,0
pop3_7,pop3,false,0.028490701300888283,false,1.0020597192940101e-5,false,1.0020552796305046e-5,false,1.0022105602147027e-5,false,0
pop3_8,pop3,false,1.001674371756251e-5,false,1.0019656930694582e-5,false,1.0280908099206363e-5,false,0.11733860386905312,false,0
pop3_9,pop3,false,0.024396845144079297,false,0.025914315490306355,false,0.023154363807430127,false,1.0024751712854789e-5,false,0
pop3_10,pop3,false,1.001867068793088e-5,false,0.026526599276016926,false,1.0022997165987052e-5,false,1.001642860967643e-5,false,0
pop3_11,pop3,false,0.016956105003591234,false,0.01755766652995188,false,0.06032940380008204,false,0.024777683319228246,false,0
pop3_12,pop3,false,0.05498105430818157,false,1.002064528963837e-5,false,0.047005579718444955,false,0.03397102276656052,false,0
pop3_13,pop3,false,1.0014000514112063e-5,false,0.012307536475378904,false,1.0018888722585613e-5,false,0.017921188580210898,false,0
pop3_14,pop3,false,0.0094430566927644,false,1.0019770323110699e-5,false,0.06978466676130637,false,0.03405772780448893,false,0
pop3_15,pop3,false,0.006416283566431875,false,0.012810777347851243,false,1.0024167737232147e-5,false,0.027689657343484487,false,0
pop3_16,pop3,false,1.0024549378024795e-5,false,1.0014591549644734e-5,false,0.0687645782609346,false,1.0274302674306275e-5,false,0
pop3_17,pop3,false,0.013941461816999208,false,1.0020468127974465e-5,false,0.008882854131757361,false,0.018013593201184872,false,0
pop3_18,pop3,false,1.00164522454397e-5,false,0.03538298460887611,false,1.0016914591309977e-5,false,0.08206135473265648,false,0
pop3_19,pop3,false,1.00236462547135e-5,false,1.001399832794989e-5,false,0.09043069255790866,false,1.0021750654724333e-5,false,0
pop3_20,pop3,false,0.021957742727573896,false,0.026231744989457274,false,0.03095325301386121,false,1.0022339502310008e-5,false,0
pop3_21,pop3,false,1.0018803105282144e-5,false,1.002297833085433e-5,false,1.0021562194939219e-5,false,1.0023143039450019e-5,false,0
pop3_22,pop3,false,0.024002602382943043,false,1.0022748212248978e-5,false,1.0015264980789126e-5,false,0.022133365083666708,false,0
pop3_23,pop3,false,1.0015850070207068e-5,false,1.0017840837570488e-5,false,0.03549737239299494,false,1.0016740081382661e-5,false,0
pop3_24,pop3,false,0.009634177788176587,false,1.0022597593562495e-5,false,1.0020538606909482e-5,false,0.007669221242097012,false,0
pop3_25,pop3,false,1.0017742856214946e-5,false,1.0014851840727016e-5,false,1.0024700874781215e-5,false,0.01348835539292519,false,0
pop3_26,pop3,false,1.0023111174129551e-5,false,1.0017304085587888e-5,false,0.013076355137492519,false,1.0013152764272932e-5,false,0
pop3_27,pop3,false,1.0017274314316461e-5,false,1.0020815930098982e-5,false,0.03173311649854956,false,1.0016239878432212e-5,false,0
pop3_28,pop3,false,1.0018710035680557e-5,false,0.012573609893311348,false,0.052494706411148014,false,0.028571622618136644,false,0
pop3_29,pop3,false,0.034981850534307975,false,0.01595901504280024,false,0.06279469398968607,false,0.028542852104813287,false,0
pop3_30,pop3,false,0.012887297872575329,false,0.03885711941512977,false,0.02620760631307645,false,1.0015981993988605e-5,false,0
pop3_31,pop3,false,1.002206937964822e-5,false,1.001817075752667e-5,false,1.0012678239932882e-5,false,0.09325009653738386,false,0
pop3_32,pop3,false,1.0016685042424276e-5,false,0.06414763549552213,false,0.005509377097003114,false,0.028034638456288632,false,0
pop3_33,pop3,false,1.0015373885191423e-5,false,0.04413319783600293,false,1.0020947996377308e-5,false,0.011930105093207102,false,0
pop3_34,pop3,false,0.04033087275068999,false,1.0013615112529982e-5,false,0.029496657875038634,false,1.0023164328202223e-5,false,0
pop3_35,pop3,false,0.06691992038385124,false,0.013098021663928342,false,0.03099139938589696,false,1.001335058727668e-5,false,0
pop3_36,pop3,false,1.0023143341227472e-5,false,1.002336524313581e-5,false,1.0017020530859889e-5,false,1.0021979271928387e-5,false,0
pop3_37,pop3,false,1.0022754753211523e-5,false,0.014955645886454129,false,0.009989259571700826,false,0.014794005379011117,false,0
pop3_38,pop3,false,0.013315867276637824,false,1.0014041246736178e-5,false,0.01583097747172446,false,0.023789518769515024,false,0
pop3_39,pop3,false,1.001657309298222e-5,false,0.006168194855850018,false,1.0015375438610791e-5,false,0.0056067450019127866,false,0
pop3_40,pop3,false,0.018025565128070777,false,1.0012499887264817e-5,false,0.02996034488745021,false,1.0022962377426253e-5,false,0
pop3_41,pop3,false,0.003731908369908339,false,1.0015411205989303e-5,false,1.0015107203980778e-5,false,0.01377467013187903,false,0
pop3_42,pop3,false,0.04858428979295754,false,0.008047824467543433,false,1.0017640655323416e-5,false,0.03926008273530089,false,0
pop3_43,pop3,false,0.030121466012671197,false,1.0013360817364363e-5,false,1.0018520233140562e-5,false,1.0023108829041462e-5,false,0
pop3_44,pop3,false,0.02570833666495055,false,1.0017119307878409e-5,false,1.0019804671630142e-5,false,0.01109647089441515,false,0
pop3_45,pop3,false,1.0015837005307493e-5,false,1.0015831379361493e-5,false,1.0023091620110357e-5,false,0.05568700138155024,false,0
pop3_46,pop3,false,1.0017978842231024e-5,false,1.0022407761715264e-5,false,1.0016764607044468e-5,false,0.02190082769749075,false,0
pop3_47,pop3,false,1.0021449743808392e-5,false,0.007741216029878087,false,0.0018614264568415826,false,0.0280098742285006,false,0
pop3_48,pop3,false,1.0019180557207598e-5,false,1.0015634351720358e-5,false,1.0016995386935344e-5,false,1.0019067035066698e-5,false,0
pop3_49,pop3,false,1.0022840328399623e-5,false,1.0013095477933142e-5,false,1.0012482358453102e-5,false,1.0023339917541226e-5,false,0
pop3_50,pop3,false,1.001729305831982e-5,false,0.01981369416282977,false,1.0022152731334756e-5,false,1.0020819613348815e-5,false,0
pop3_51,pop3,false,0.06749989025616107,false,1.0020300657938515e-5,false,0.03392369536574486,false,1.002126729189173e-5,false,0
pop3_52,pop3,false,1.0016290178742123e-5,false,0.04514909958885906,false,0.09690443164522988,false,1.0014183751659223e-5,false,0
pop3_53,pop3,false,0.01165129675192238,false,2.825367709149578e-5,false,1.0024072479464109e-5,false,1.0023420546755754e-5,false,0
pop3_54,pop3,false,1.001301519651897e-5,false,0.07282991899713713,false,1.002193023514139e-5,false,1.0013941240780433e-5,false,0
pop3_55,pop3,false,0.022567531025571994,false,0.02823571100546062,false,0.01256288108579098,false,0.011694504597730335,false,0
pop3_56,pop3,false,0.04219052586705326,false,0.01797483762629129,false,1.0022270226870646e-5,false,1.0018725133733332e-5,false,0
pop3_57,pop3,false,0.05255699017044819,false,1.0012855050432232e-5,false,0.02414290915199076,false,0.0080169637132051,false,0
pop3_58,pop3,false,1.0022682969892675e-5,false,1.0017552049655491e-5,false,1.0013798722294607e-5,false,1.0015836245840645e-5,false,0
pop3_59,pop3,false,1.0017592598614935e-5,false,0.02204483421704563,false,0.06837184892744372,false,1.0018297947553495e-5,false,0
pop3_60,pop3,false,0.018920401391787165,false,1.001266205934821e-5,false,1.0021051613168422e-5,false,1.001524676408282e-5,false,0
pop3_61,pop3,false,1.0027405738315342e-5,false,1.0014886629984063e-5,false,0.05929908213816349,false,1.0023673252113515e-5,false,0
pop3_62,pop3,false,1.0023242651894282e-5,false,1.0021845762868595e-5,false,1.0013345481772143e-5,false,1.002169439873651e-5,false,0
pop3_63,pop3,false,0.001176018830120286,false,1.0020501728658483e-5,false,1.0012735921405546e-5,false,0.03188340674510528,false,0
pop3_64,pop3,false,1.0021991100854694e-5,false,0.01851251673114718,false,1.0018728764764379e-5,false,0.004231356370995071,false,0
pop3_65,pop3,false,0.03400333777069763,false,1.0022195323811226e-5,false,0.04194611755953822,false,1.0023707044342198e-5,false,0
pop3_66,pop3,false,0.06108875349700138,false,0.005090635369236355,false,0.013941447358654064,false,1.0018247794730147e-5,false,0
pop3_67,pop3,false,1.0024090183576267e-5,false,0.02026413504237463,false,1.0020725167547991e-5,false,0.01540439269018326,false,0
pop3_68,pop3,false,0.008538634071282683,false,1.0013562558085607e-5,false,1.0018668978982346e-5,false,1.0023043603695167e-5,false,0
pop3_69,pop3,false,1.001764899090686e-5,false,1.0014556304936078e-5,false,1.0018664068781941e-5,false,0.01724716294493157,false,0
pop3_70,pop3,false,1.0017083260939539e-5,false,0.06997419983494411,false,0.024990681961489635,false,1.0019115631043366e-5,false,0
pop3_71,pop3,false,0.019605637884286296,false,1.001431346374528e-5,false,0.027497537323172366,false,0.017662457080758576,false,0
pop3_72,pop3,false,1.0017694042809368e-5,false,1.0024610976898603e-5,false,1.0016420902082726e-5,false,0.025174934820074903,false,0
pop3_73,pop3,false,0.0288145887787952,false,0.01317365056262504,false,1.0013324795145146e-5,false,0.026163486606017573,false,0
pop3_74,pop3,false,0.045245927569949704,false,0.010736535553836872,false,0.024067702799740767,false,0.009080851904740197,false,0
pop3_75,pop3,false,0.013084365199065735,false,1.0022564473116925e-5,false,0.03723208870562572,false,0.013831553539597325,false,0
pop3_76,pop3,false,1.0025094331683806e-5,false,0.030862361203150883,false,0.010690850242241446,false,0.016211675978684354,false,0
pop3_77,pop3,false,0.013735510948107352,false,0.014242803699379084,false,1.00228784018531e-5,false,1.0021164961688015e-5,false,0
pop3_78,pop3,false,1.002639554610537e-5,false,1.0020424724694292e-5,false,1.001403866333351e-5,false,0.0076084928698534485,false,0
pop3_79,pop3,false,0.01451914196868332,false,1.0023514944518596e-5,false,1.001576264758595e-5,false,0.010688755952146986,false,0
pop3_80,pop3,false,1.0022674559002818e-5,false,0.011776842244664347,false,1.0013248449209547e-5,false,1.0021513382006304e-5,false,0
pop3_81,pop3,false,0.031014865356677506,false,1.001968842198776e-5,false,0.02297063683084229,false,1.0015515055659684e-5,false,0
pop3_82,pop3,false,1.0020196448519767e-5,false,0.06363229468409864,false,0.006600024283420199,false,1.0013017651117972e-5,false,0
pop3_83,pop3,false,1.0020947882573633e-5,false,0.020414476172782636,false,1.0020298382307908e-5,false,0.02373891791732309,false,0
pop3_84,pop3,false,0.017836947642679138,false,0.007017743129920732,false,1.0019380415106624e-5,false,1.0012863255140326e-5,false,0
pop3_85,pop3,false,1.0020773334669346e-5,false,1.0024934562483866e-5,false,1.0022153597592446e-5,false,0.0198923984304587,false,0
pop3_86,pop3,false,1.0015211113016083e-5,false,0.022824190486254763,false,0.03267513308572973,false,0.002619892943613949,false,0
pop3_87,pop3,false,0.006785457841991151,false,0.030941853284746048,false,0.018173003145030783,false,0.04647030862620746,false,0
pop3_88,pop3,false,0.010717954002937336,false,1.002395770774408e-5,false,0.07176466776739902,false,0.019251251628629295,false,0
pop3_89,pop3,false,1.0019233457472333e-5,false,1.0012539541043468e-5,false,0.03723320916607722,false,0.0008230422720003391,false,0
pop3_90,pop3,false,0.07454165176941627,false,1.0021807643489641e-5,false,0.01624869396474618,false,0.04252918178513207,false,0
pop3_91,pop3,false,0.014325940514561725,false,1.0022782892035199e-5,false,1.0014823806570699e-5,false,1.0023556106435361e-5,false,0
pop3_92,pop3,false,1.0020621255216618e-5,false,1.0013219731877754e-5,false,0.020152232848623435,false,1.002154560718653e-5,false,0
pop3_93,pop3,false,0.020513065905885308,false,1.00202236401583e-5,false,0.000709584491246183,false,1.0024238289364634e-5,false,0
pop3_94,pop3,false,0.02636512932447492,false,1.0015849140863967e-5,false,0.007910396702463168,false,1.0015641243014584e-5,false,0
pop3_95,pop3,false,0.005501431261319719,false,1.0015073587273639e-5,false,1.0015524904128362e-5,false,1.0016994164689567e-5,false,0
pop3_96,pop3,false,0.0005869511829501092,false,1.0016622339634078e-5,false,0.0421129744910184,false,1.0018890181515409e-5,false,0
pop3_97,pop3,false,1.0019983694144026e-5,false,0.023758639815018714,false,1.0016268025030855e-5,false,1.0016209057193539e-5,false,0
pop3_98,pop3,false,0.013541025497369937,false,1.0019147031800758e-5,false,1.0018456931162191e-5,false,0.03157651556605611,false,0
pop3_99,pop3,false,1.0013811439828477e-5,false,0.08507070629333197,false,1.0015077538825e-5,false,0.003937512168264599,false,0
pop3_100,pop3,false,1.002100463563322e-5,false,1.0015050362755136e-5,false,1.002242384685791e-5,false,0.01678884118974258,false,0
