##col_1,marker, marker ID
##col_2,linkagegroup, linkage group ID
##col_3,poscm, marker position in centiMorgan
##col_4,physchrom, physical map chromosome ID for the marker
##col_5,physposbp, physical map position (in base pair) for the marker
##col_6,founderformat,format of founder genotypes at the marker
##col_7,offspringformat, format of offspring genotypes at the marker
##col_8,foundererror, allelic error rate in founders at the marker
##col_9,offsprignerror, allelic error rate in offspring at the marker
##col_10,seqeerror, sequence based error rate at the marker
##col_11,allelebalancemean, mean sequence allelic balance among offspring at the marker
##col_12,allelebalancedisperse, overdispersion for the distribution of sequence allelic balance among offspring at the marker
##col_13,alleledropout, 0- and 1-inflation for the distribution of sequence allelic balance among offspring at the maker
marker,linkagegroup,poscm,physchrom,physposbp,info,founderformat,offspringformat,foundererror,offspringerror,seqerror,allelebalancemean,allelebalancedisperse,alleledropout
snp121,LG1,0.0,NA,NA,REF=N,GT_haplo,AD,0.005,2.948e-5,0.00943571,0.2432028,0.05896297,0.0
snp114,LG1,18.0782,NA,NA,REF=N,GT_haplo,AD,0.005,0.00447038,0.00678352,0.39497025,0.36039478,0.0
snp112,LG1,18.0782,NA,NA,REF=N,GT_haplo,AD,0.005,0.02140842,0.00828013,0.69297724,0.09853492,0.0
snp109,LG1,18.0782,NA,NA,REF=N,GT_haplo,AD,0.005,2.029e-5,0.00077353,0.77753405,0.09343492,0.0
snp111,LG1,18.0782,NA,NA,REF=N,GT_haplo,AD,0.005,3.761e-5,0.00091737,0.55854082,0.27180668,0.0
snp118,LG1,18.6936,NA,NA,REF=N,GT_haplo,AD,0.005,0.02445456,1.001e-5,0.29253545,6.6e-6,0.0
snp105,LG1,19.6149,NA,NA,REF=N,GT_haplo,AD,0.005,3.702e-5,0.00670624,0.80822272,0.01858227,0.0
snp106,LG1,20.499,NA,NA,REF=N,GT_haplo,AD,0.005,0.02192762,0.00600404,0.67337806,0.39112144,0.0
snp103,LG1,23.2745,NA,NA,REF=N,GT_haplo,AD,0.005,9.488e-5,0.00125101,0.68081082,0.80317188,0.0
snp108,LG1,23.2745,NA,NA,REF=N,GT_haplo,AD,0.005,0.03121993,0.00315826,0.59669993,0.05077914,0.0
snp101,LG1,23.2745,NA,NA,REF=N,GT_haplo,AD,0.005,0.00017075,0.00320425,0.42257942,0.07070037,0.0
snp104,LG1,24.4209,NA,NA,REF=N,GT_haplo,AD,0.005,0.02844883,0.00706645,0.50837671,0.02092563,0.0
snp97,LG1,24.4209,NA,NA,REF=N,GT_haplo,AD,0.005,0.01724036,1.002e-5,0.69854365,0.1789819,0.0
snp102,LG1,27.8655,NA,NA,REF=N,GT_haplo,AD,0.005,4.519e-5,0.00290038,0.83108114,6.6e-6,0.0
snp95,LG1,27.8655,NA,NA,REF=N,GT_haplo,AD,0.005,2.711e-5,0.00223094,0.44577474,0.25602487,0.0
snp94,LG1,27.8655,NA,NA,REF=N,GT_haplo,AD,0.005,0.01303709,0.00131158,0.29349127,0.40340913,0.0
snp93,LG1,28.1872,NA,NA,REF=N,GT_haplo,AD,0.005,3.602e-5,0.00448233,0.59124812,6.6e-6,0.0
snp90,LG1,29.9302,NA,NA,REF=N,GT_haplo,AD,0.005,0.05540836,0.00557671,0.45378282,0.342457,0.0
snp84,LG1,35.672,NA,NA,REF=N,GT_haplo,AD,0.005,0.01146185,0.00216402,0.42634528,0.02046434,0.0
snp88,LG1,35.672,NA,NA,REF=N,GT_haplo,AD,0.005,5.684e-5,1.002e-5,0.51097481,0.71862166,0.0
snp86,LG1,37.612,NA,NA,REF=N,GT_haplo,AD,0.005,0.05536667,0.0049667,0.44447924,0.24156278,0.0
snp83,LG1,37.612,NA,NA,REF=N,GT_haplo,AD,0.005,5.059e-5,0.0009109,0.71373218,0.06939107,0.0
snp85,LG1,37.612,NA,NA,REF=N,GT_haplo,AD,0.005,0.00791193,0.00419237,0.71086525,0.33089921,0.0
snp82,LG1,38.5159,NA,NA,REF=N,GT_haplo,AD,0.005,0.07673082,0.00061574,0.49945791,0.22960598,0.0
snp76,LG1,39.5997,NA,NA,REF=N,GT_haplo,AD,0.005,7.628e-5,0.00145471,0.47210569,0.27568084,0.0
snp79,LG1,41.681,NA,NA,REF=N,GT_haplo,AD,0.005,7.031e-5,0.00479639,0.458084,6.6e-6,0.0
snp77,LG1,41.681,NA,NA,REF=N,GT_haplo,AD,0.005,7.572e-5,1.002e-5,0.33772654,0.10289753,0.0
snp74,LG1,44.0845,NA,NA,REF=N,GT_haplo,AD,0.005,3.278e-5,0.00283448,0.43678538,0.62305367,0.0
snp73,LG1,44.0845,NA,NA,REF=N,GT_haplo,AD,0.005,1.251e-5,0.00055947,0.33100463,0.07873663,0.0
snp66,LG1,45.9329,NA,NA,REF=N,GT_haplo,AD,0.005,3.704e-5,0.00643318,0.70039222,0.13577328,0.0
snp71,LG1,45.9329,NA,NA,REF=N,GT_haplo,AD,0.005,2.031e-5,0.00057565,0.66982554,0.02344904,0.0
snp70,LG1,45.9329,NA,NA,REF=N,GT_haplo,AD,0.005,0.00010307,0.00176937,0.56564876,6.6e-6,0.0
snp64,LG1,47.3589,NA,NA,REF=N,GT_haplo,AD,0.005,0.01882141,0.01141046,0.40272113,0.38054685,0.0
snp65,LG1,47.3589,NA,NA,REF=N,GT_haplo,AD,0.005,0.05284419,1.002e-5,0.5280192,0.39970572,0.0
snp67,LG1,48.3892,NA,NA,REF=N,GT_haplo,AD,0.005,2.132e-5,0.0112005,0.53833063,0.19289542,0.0
snp60,LG1,51.1728,NA,NA,REF=N,GT_haplo,AD,0.005,2.157e-5,0.00127503,0.276858,0.02807714,0.0
snp59,LG1,51.1728,NA,NA,REF=N,GT_haplo,AD,0.005,3.052e-5,1.002e-5,0.76508172,0.08358004,0.0
snp62,LG1,52.4573,NA,NA,REF=N,GT_haplo,AD,0.005,0.04204928,0.0003686,0.10508622,0.1729507,0.0
snp58,LG1,52.4573,NA,NA,REF=N,GT_haplo,AD,0.005,4.884e-5,0.0048341,0.32003394,0.14933504,0.0
snp57,LG1,52.8044,NA,NA,REF=N,GT_haplo,AD,0.005,0.00021737,0.00202716,0.5810143,0.09996114,0.0
snp54,LG1,53.8454,NA,NA,REF=N,GT_haplo,AD,0.005,2.131e-5,1.002e-5,0.40968592,0.82213038,0.0
snp56,LG1,53.8454,NA,NA,REF=N,GT_haplo,AD,0.005,0.02497596,1.002e-5,0.45045552,0.13569474,0.0
snp53,LG1,53.8454,NA,NA,REF=N,GT_haplo,AD,0.005,0.09055036,0.00788695,0.3788638,0.46498142,0.0
snp51,LG1,56.4018,NA,NA,REF=N,GT_haplo,AD,0.005,0.07664897,1.002e-5,0.80441869,0.80792261,0.0
snp48,LG1,60.0041,NA,NA,REF=N,GT_haplo,AD,0.005,3.293e-5,1.002e-5,0.29612557,0.08056413,0.0
snp46,LG1,61.7324,NA,NA,REF=N,GT_haplo,AD,0.005,4.641e-5,0.00394117,0.17491665,6.6e-6,0.0
snp41,LG1,62.8048,NA,NA,REF=N,GT_haplo,AD,0.005,4.784e-5,0.00369562,0.47773104,0.1698772,0.0
snp35,LG1,62.8048,NA,NA,REF=N,GT_haplo,AD,0.005,0.00011511,0.00300976,0.37120525,0.21522412,0.0
snp40,LG1,64.9482,NA,NA,REF=N,GT_haplo,AD,0.005,0.1604662,0.00468601,0.62607798,0.03622083,0.0
snp37,LG1,68.1421,NA,NA,REF=N,GT_haplo,AD,0.005,0.02710792,0.00825187,0.13360257,0.01742103,0.0
snp39,LG1,68.1421,NA,NA,REF=N,GT_haplo,AD,0.005,3.402e-5,0.00195096,0.5697404,0.10865535,0.0
snp36,LG1,69.9448,NA,NA,REF=N,GT_haplo,AD,0.005,0.00841897,0.00628508,0.88427583,0.29582917,0.0
snp33,LG1,69.9448,NA,NA,REF=N,GT_haplo,AD,0.005,2.186e-5,1.002e-5,0.55022774,6.6e-6,0.0
snp34,LG1,69.9448,NA,NA,REF=N,GT_haplo,AD,0.005,0.02624985,0.02495507,0.53892051,0.21781396,0.0
snp32,LG1,71.5232,NA,NA,REF=N,GT_haplo,AD,0.005,4.029e-5,1.002e-5,0.70815591,0.20120483,0.0
snp31,LG1,71.5232,NA,NA,REF=N,GT_haplo,AD,0.005,0.03225783,0.00655455,0.19468041,6.6e-6,0.0
snp21,LG1,80.6555,NA,NA,REF=N,GT_haplo,AD,0.005,0.03690604,2.803e-5,0.38335647,0.04914577,0.0
snp22,LG1,81.4881,NA,NA,REF=N,GT_haplo,AD,0.005,0.03257411,0.00215396,0.68682395,0.1771662,0.0
snp24,LG1,81.9371,NA,NA,REF=N,GT_haplo,AD,0.005,5.008e-5,0.00736603,0.24283782,6.6e-6,0.0
snp23,LG1,84.3544,NA,NA,REF=N,GT_haplo,AD,0.005,3.013e-5,0.00165445,0.3090652,6.6e-6,0.0
snp14,LG1,86.9435,NA,NA,REF=N,GT_haplo,AD,0.005,4.195e-5,0.00508468,0.33427749,0.50735944,0.0
snp16,LG1,88.2103,NA,NA,REF=N,GT_haplo,AD,0.005,4.825e-5,0.01131805,0.67738339,0.06940174,0.0
snp11,LG1,88.6708,NA,NA,REF=N,GT_haplo,AD,0.005,2.864e-5,1.002e-5,0.61241632,0.36294152,0.0
snp10,LG1,89.1812,NA,NA,REF=N,GT_haplo,AD,0.005,0.00011118,1.002e-5,0.37052054,0.03227326,0.0
snp12,LG1,89.2183,NA,NA,REF=N,GT_haplo,AD,0.005,0.03581881,0.00045983,0.63940936,6.6e-6,0.0
snp8,LG1,91.863,NA,NA,REF=N,GT_haplo,AD,0.005,2.995e-5,0.00504371,0.53976789,6.6e-6,0.0
snp6,LG1,91.863,NA,NA,REF=N,GT_haplo,AD,0.005,9.64e-5,0.01421806,0.51586003,0.56170424,0.0
snp9,LG1,91.863,NA,NA,REF=N,GT_haplo,AD,0.005,0.05518714,0.00715244,0.48870102,0.11113855,0.0
snp3,LG1,91.863,NA,NA,REF=N,GT_haplo,AD,0.005,5.855e-5,0.00469509,0.53399055,0.08158506,0.0
snp1,LG1,94.2014,NA,NA,REF=N,GT_haplo,AD,0.005,4.966e-5,0.00249277,0.50272712,0.1548455,0.0
snp127,LG2,19.0504,NA,NA,REF=N,GT_haplo,AD,0.005,3.436e-5,0.00517222,0.58841596,0.0085977,0.0
snp129,LG2,19.0504,NA,NA,REF=N,GT_haplo,AD,0.005,2.748e-5,0.01170036,0.51657124,0.30323515,0.0
snp128,LG2,19.0504,NA,NA,REF=N,GT_haplo,AD,0.005,4.052e-5,0.0030678,0.60420045,0.00470234,0.0
snp130,LG2,19.0504,NA,NA,REF=N,GT_haplo,AD,0.005,1.902e-5,1.002e-5,0.45968431,0.05817028,0.0
snp126,LG2,19.0504,NA,NA,REF=N,GT_haplo,AD,0.005,0.02402613,0.00384646,0.5765739,6.61e-6,0.0
snp132,LG2,19.3535,NA,NA,REF=N,GT_haplo,AD,0.005,4.299e-5,0.00083333,0.7033187,0.10705631,0.0
snp133,LG2,21.0605,NA,NA,REF=N,GT_haplo,AD,0.005,3.641e-5,0.00380805,0.69037577,0.08656216,0.0
snp146,LG2,24.6449,NA,NA,REF=N,GT_haplo,AD,0.005,0.01674206,0.00345553,0.44594447,0.11645147,0.0
snp138,LG2,24.8288,NA,NA,REF=N,GT_haplo,AD,0.005,0.00373713,0.0117629,0.63381546,0.32526934,0.0
snp139,LG2,25.9973,NA,NA,REF=N,GT_haplo,AD,0.005,5.385e-5,0.00803228,0.28722766,0.08202283,0.0
snp143,LG2,28.9281,NA,NA,REF=N,GT_haplo,AD,0.005,3.406e-5,1.002e-5,0.71481915,0.00909067,0.0
snp150,LG2,36.5052,NA,NA,REF=N,GT_haplo,AD,0.005,3.686e-5,0.00041931,0.65895554,0.18759029,0.0
snp149,LG2,36.5052,NA,NA,REF=N,GT_haplo,AD,0.005,6.695e-5,1.002e-5,0.46753088,0.77673382,0.0
snp154,LG2,39.3105,NA,NA,REF=N,GT_haplo,AD,0.005,3.449e-5,0.00174384,0.45463659,6.6e-6,0.0
snp159,LG2,41.2833,NA,NA,REF=N,GT_haplo,AD,0.005,0.01789196,0.02725564,0.53641496,0.1909198,0.0
snp158,LG2,41.2833,NA,NA,REF=N,GT_haplo,AD,0.005,5.411e-5,0.00232185,0.68594868,0.18842573,0.0
snp161,LG2,42.1841,NA,NA,REF=N,GT_haplo,AD,0.005,0.00575208,1.002e-5,0.45034799,0.18123061,0.0
snp162,LG2,44.475,NA,NA,REF=N,GT_haplo,AD,0.005,0.03306576,0.00834926,0.83776124,0.22866179,0.0
snp160,LG2,44.475,NA,NA,REF=N,GT_haplo,AD,0.005,0.01530138,1.008e-5,0.50584693,0.07131994,0.0
snp164,LG2,44.9414,NA,NA,REF=N,GT_haplo,AD,0.005,0.00023339,0.02526135,0.55514228,0.41051894,0.0
snp166,LG2,46.2959,NA,NA,REF=N,GT_haplo,AD,0.005,4.52e-5,0.00666949,0.61657711,0.01378615,0.0
snp167,LG2,48.2759,NA,NA,REF=N,GT_haplo,AD,0.005,0.0314388,0.00038126,0.82890245,0.09635118,0.0
snp168,LG2,48.434,NA,NA,REF=N,GT_haplo,AD,0.005,0.02541034,1.002e-5,0.8198032,6.6e-6,0.0
snp171,LG2,48.434,NA,NA,REF=N,GT_haplo,AD,0.005,4.741e-5,0.00113183,0.40368149,0.46159676,0.0
snp170,LG2,48.434,NA,NA,REF=N,GT_haplo,AD,0.005,0.02898013,1.002e-5,0.54743526,0.48897184,0.0
snp180,LG2,48.434,NA,NA,REF=N,GT_haplo,AD,0.005,0.07980294,0.00268254,0.86638737,0.06949806,0.0
snp169,LG2,48.434,NA,NA,REF=N,GT_haplo,AD,0.005,4.743e-5,1.002e-5,0.20082995,0.15312394,0.0
snp176,LG2,50.7645,NA,NA,REF=N,GT_haplo,AD,0.005,2.093e-5,0.00292151,0.4426903,0.25305169,0.0
snp173,LG2,50.7645,NA,NA,REF=N,GT_haplo,AD,0.005,0.01847217,1.002e-5,0.52528404,0.24914461,0.0
snp177,LG2,53.0315,NA,NA,REF=N,GT_haplo,AD,0.005,3.312e-5,1.002e-5,0.27415518,6.6e-6,0.0
snp175,LG2,53.0315,NA,NA,REF=N,GT_haplo,AD,0.005,0.02487418,1.453e-5,0.11662218,6.6e-6,0.0
snp179,LG2,55.8571,NA,NA,REF=N,GT_haplo,AD,0.005,0.05061451,0.00728521,0.60184059,0.78562902,0.0
snp185,LG2,59.6049,NA,NA,REF=N,GT_haplo,AD,0.005,2.076e-5,0.02492509,0.42225117,0.12885513,0.0
snp183,LG2,60.2801,NA,NA,REF=N,GT_haplo,AD,0.005,3.547e-5,0.00433968,0.49538678,6.6e-6,0.0
snp181,LG2,60.913,NA,NA,REF=N,GT_haplo,AD,0.005,0.11298194,1.001e-5,0.74386087,0.15028505,0.0
snp187,LG2,61.7258,NA,NA,REF=N,GT_haplo,AD,0.005,3.61e-5,0.00464291,0.66280911,6.6e-6,0.0
snp186,LG2,61.7258,NA,NA,REF=N,GT_haplo,AD,0.005,2.436e-5,0.0003007,0.30270053,0.01757978,0.0
snp184,LG2,61.8067,NA,NA,REF=N,GT_haplo,AD,0.005,0.02826813,1.303e-5,0.59503369,1.06e-5,0.0
snp188,LG2,61.9881,NA,NA,REF=N,GT_haplo,AD,0.005,3.846e-5,0.00106377,0.47261803,0.02462014,0.0
snp190,LG2,65.1496,NA,NA,REF=N,GT_haplo,AD,0.005,7.768e-5,0.00744149,0.6339204,0.12968438,0.0
snp191,LG2,66.2654,NA,NA,REF=N,GT_haplo,AD,0.005,0.00010166,0.00438066,0.82599413,0.29353298,0.0
snp195,LG2,69.6118,NA,NA,REF=N,GT_haplo,AD,0.005,0.01645443,0.00100883,0.47726143,0.68615846,0.0
snp194,LG2,69.6118,NA,NA,REF=N,GT_haplo,AD,0.005,0.06405938,0.01028103,0.54911944,0.56054901,0.0
snp196,LG2,74.0414,NA,NA,REF=N,GT_haplo,AD,0.005,2.819e-5,0.00106209,0.5548692,0.2001334,0.0
snp200,LG2,77.564,NA,NA,REF=N,GT_haplo,AD,0.005,5.163e-5,0.00792682,0.1478076,0.19956298,0.0
snp209,LG2,79.051,NA,NA,REF=N,GT_haplo,AD,0.005,0.00453239,0.00111815,0.85942601,6.29e-6,0.0
snp198,LG2,79.051,NA,NA,REF=N,GT_haplo,AD,0.005,3.117e-5,1.002e-5,0.63627508,6.6e-6,0.0
snp205,LG2,84.1144,NA,NA,REF=N,GT_haplo,AD,0.005,0.00010602,0.02674383,0.70298537,6.6e-6,0.0
snp201,LG2,87.5097,NA,NA,REF=N,GT_haplo,AD,0.005,4.326e-5,1.001e-5,0.43426375,0.79897058,0.0
snp208,LG2,87.5097,NA,NA,REF=N,GT_haplo,AD,0.005,0.06470133,1.002e-5,0.46572105,0.25725695,0.0
snp207,LG2,87.8675,NA,NA,REF=N,GT_haplo,AD,0.005,0.01000812,0.00150688,0.72634026,0.09298106,0.0
snp212,LG2,92.0311,NA,NA,REF=N,GT_haplo,AD,0.005,0.00018685,1.002e-5,0.72471038,0.02249697,0.0
snp213,LG2,92.0311,NA,NA,REF=N,GT_haplo,AD,0.005,0.02924682,1.002e-5,0.57714789,0.30076833,0.0
snp216,LG2,92.9871,NA,NA,REF=N,GT_haplo,AD,0.005,0.06161572,0.00210737,0.32470402,0.43610483,0.0
snp214,LG2,92.9871,NA,NA,REF=N,GT_haplo,AD,0.005,4.301e-5,0.00125676,0.44631152,0.27725761,0.0
snp215,LG2,94.5531,NA,NA,REF=N,GT_haplo,AD,0.005,3.622e-5,0.00098327,0.39104182,6.6e-6,0.0
snp217,LG2,95.0534,NA,NA,REF=N,GT_haplo,AD,0.005,0.03628212,0.01627707,0.2897143,0.11279308,0.0
snp218,LG2,95.1766,NA,NA,REF=N,GT_haplo,AD,0.005,0.11711664,0.02581245,0.10871137,0.05051901,0.0
snp220,LG2,98.6712,NA,NA,REF=N,GT_haplo,AD,0.005,2.183e-5,1.002e-5,0.60790504,0.08040036,0.0
snp221,LG2,98.6712,NA,NA,REF=N,GT_haplo,AD,0.005,0.00011764,0.00436263,0.83975911,1.02e-5,0.0
snp224,LG2,100.3955,NA,NA,REF=N,GT_haplo,AD,0.005,0.00023385,0.00893532,0.19669193,0.06059223,0.0
snp226,LG2,103.41,NA,NA,REF=N,GT_haplo,AD,0.005,1.706e-5,0.00665311,0.44020564,6.64e-6,0.0
snp225,LG2,103.41,NA,NA,REF=N,GT_haplo,AD,0.005,3.282e-5,0.00575087,0.64131994,6.6e-6,0.0
snp229,LG2,103.41,NA,NA,REF=N,GT_haplo,AD,0.005,0.00020514,0.00853314,0.66648232,6.6e-6,0.0
snp234,LG2,104.3895,NA,NA,REF=N,GT_haplo,AD,0.005,1.863e-5,0.00065049,0.59397798,6.6e-6,0.0
snp235,LG2,104.3895,NA,NA,REF=N,GT_haplo,AD,0.005,0.0224573,0.00376532,0.5148368,0.29396753,0.0
snp232,LG2,104.4424,NA,NA,REF=N,GT_haplo,AD,0.005,0.01199235,1.002e-5,0.40012918,0.20650519,0.0
snp237,LG2,104.8018,NA,NA,REF=N,GT_haplo,AD,0.005,3.47e-5,1.001e-5,0.51539583,0.14763157,0.0
snp236,LG2,104.8018,NA,NA,REF=N,GT_haplo,AD,0.005,0.0228943,1.001e-5,0.68373218,0.04794867,0.0
snp239,LG2,107.2525,NA,NA,REF=N,GT_haplo,AD,0.005,0.17531508,1.002e-5,0.82740046,0.70349687,0.0
snp241,LG2,109.207,NA,NA,REF=N,GT_haplo,AD,0.005,0.00095706,0.00575867,0.41727954,0.31423825,0.0
snp242,LG2,109.207,NA,NA,REF=N,GT_haplo,AD,0.005,0.00295085,0.00507009,0.60759962,0.43200604,0.0
snp248,LG2,109.207,NA,NA,REF=N,GT_haplo,AD,0.005,0.036997,0.00376498,0.31314776,0.02132912,0.0
snp250,LG2,109.207,NA,NA,REF=N,GT_haplo,AD,0.005,0.0371273,0.00199938,0.29515997,0.57325624,0.0
snp249,LG2,109.207,NA,NA,REF=N,GT_haplo,AD,0.005,4.421e-5,1.001e-5,0.22720398,0.7213013,0.0
snp247,LG2,109.207,NA,NA,REF=N,GT_haplo,AD,0.005,2.408e-5,0.00037483,0.57874442,0.16253565,0.0
snp245,LG2,109.207,NA,NA,REF=N,GT_haplo,AD,0.005,0.01420694,0.00235105,0.41934745,0.10696697,0.0
snp246,LG2,109.207,NA,NA,REF=N,GT_haplo,AD,0.005,3.038e-5,1.002e-5,0.29981111,6.6e-6,0.0
snp497,LG3,1.3977,NA,NA,REF=N,GT_haplo,AD,0.005,0.01831528,1.001e-5,0.3575662,6.58e-6,0.0
snp498,LG3,1.76,NA,NA,REF=N,GT_haplo,AD,0.005,2.272e-5,0.00088632,0.73099697,0.04672369,0.0
snp499,LG3,1.76,NA,NA,REF=N,GT_haplo,AD,0.005,3.99e-5,0.00090973,0.55765224,0.10440001,0.0
snp493,LG3,1.76,NA,NA,REF=N,GT_haplo,AD,0.005,0.0068196,1.002e-5,0.23059134,0.01647814,0.0
snp496,LG3,1.76,NA,NA,REF=N,GT_haplo,AD,0.005,2.89e-5,0.00593079,0.39599356,0.07634001,0.0
snp494,LG3,1.76,NA,NA,REF=N,GT_haplo,AD,0.005,2.28e-5,0.00083333,0.57249431,0.15190966,0.0
snp495,LG3,2.7427,NA,NA,REF=N,GT_haplo,AD,0.005,0.04004086,0.00317976,0.42146666,0.43431172,0.0
snp490,LG3,5.1491,NA,NA,REF=N,GT_haplo,AD,0.005,5.401e-5,0.0063769,0.57428528,0.22797029,0.0
snp492,LG3,5.1491,NA,NA,REF=N,GT_haplo,AD,0.005,0.03941146,0.00416095,0.23986695,0.32506894,0.0
snp491,LG3,5.1491,NA,NA,REF=N,GT_haplo,AD,0.005,3.137e-5,0.00050765,0.70940108,0.05808221,0.0
snp487,LG3,7.8054,NA,NA,REF=N,GT_haplo,AD,0.005,2.318e-5,0.00173451,0.43956996,0.02268922,0.0
snp486,LG3,8.3208,NA,NA,REF=N,GT_haplo,AD,0.005,0.03361854,0.00352873,0.13856148,0.20483795,0.0
snp484,LG3,9.9094,NA,NA,REF=N,GT_haplo,AD,0.005,0.01415375,0.01212406,0.78479011,0.07878711,0.0
snp483,LG3,9.9094,NA,NA,REF=N,GT_haplo,AD,0.005,5.162e-5,0.00890498,0.45397235,0.0489175,0.0
snp482,LG3,10.3088,NA,NA,REF=N,GT_haplo,AD,0.005,3.753e-5,1.002e-5,0.41569033,0.07465095,0.0
snp480,LG3,12.1582,NA,NA,REF=N,GT_haplo,AD,0.005,2.015e-5,0.00131458,0.40433972,0.32802877,0.0
snp481,LG3,12.5474,NA,NA,REF=N,GT_haplo,AD,0.005,0.04611995,0.00187122,0.67883213,0.62253157,0.0
snp478,LG3,13.3245,NA,NA,REF=N,GT_haplo,AD,0.005,2.355e-5,0.0051248,0.41229026,0.0304512,0.0
snp476,LG3,15.3973,NA,NA,REF=N,GT_haplo,AD,0.005,2.038e-5,0.00058472,0.35639412,0.0219758,0.0
snp472,LG3,15.3973,NA,NA,REF=N,GT_haplo,AD,0.005,3.356e-5,1.001e-5,0.61760741,0.50274455,0.0
snp475,LG3,15.5606,NA,NA,REF=N,GT_haplo,AD,0.005,0.03261676,0.00424139,0.45193227,0.04242853,0.0
snp469,LG3,15.7174,NA,NA,REF=N,GT_haplo,AD,0.005,0.00021526,0.00475964,0.79531161,0.13423251,0.0
snp471,LG3,16.7211,NA,NA,REF=N,GT_haplo,AD,0.005,3.502e-5,1.002e-5,0.54106966,0.29420913,0.0
snp466,LG3,19.3141,NA,NA,REF=N,GT_haplo,AD,0.005,0.03138866,0.00125077,0.50957047,0.0068482,0.0
snp467,LG3,19.3141,NA,NA,REF=N,GT_haplo,AD,0.005,4.675e-5,0.00513785,0.60863864,0.14042625,0.0
snp465,LG3,20.2161,NA,NA,REF=N,GT_haplo,AD,0.005,0.00028,0.0104224,0.32900128,0.22190285,0.0
snp456,LG3,23.8523,NA,NA,REF=N,GT_haplo,AD,0.005,0.02111206,0.0082202,0.53138339,0.78121687,0.0
snp449,LG3,25.2389,NA,NA,REF=N,GT_haplo,AD,0.005,0.04747821,0.00813224,0.45826608,0.59233763,0.0
snp451,LG3,26.1162,NA,NA,REF=N,GT_haplo,AD,0.005,0.01563762,0.00143911,0.56248769,0.01290257,0.0
snp448,LG3,27.817,NA,NA,REF=N,GT_haplo,AD,0.005,0.019318,0.00594403,0.52720307,0.0439458,0.0
snp445,LG3,27.9232,NA,NA,REF=N,GT_haplo,AD,0.005,0.02919264,1.002e-5,0.24368986,0.16490868,0.0
snp442,LG3,29.5452,NA,NA,REF=N,GT_haplo,AD,0.005,0.02116795,0.00736367,0.53818084,0.11386756,0.0
snp443,LG3,30.1619,NA,NA,REF=N,GT_haplo,AD,0.005,4.211e-5,0.00693246,0.51655058,0.67176661,0.0
snp463,LG3,30.1619,NA,NA,REF=N,GT_haplo,AD,0.005,0.0275517,1.002e-5,0.45173679,0.84544704,0.0
snp438,LG3,33.1016,NA,NA,REF=N,GT_haplo,AD,0.005,0.01962111,0.00867043,0.71752263,0.2550552,0.0
snp433,LG3,34.8709,NA,NA,REF=N,GT_haplo,AD,0.005,0.04242648,1.002e-5,0.30035778,0.11721301,0.0
snp435,LG3,36.4305,NA,NA,REF=N,GT_haplo,AD,0.005,1.932e-5,0.00106436,0.63120153,0.04787589,0.0
snp436,LG3,36.4305,NA,NA,REF=N,GT_haplo,AD,0.005,0.0001509,0.00472461,0.52407687,6.6e-6,0.0
snp434,LG3,36.4305,NA,NA,REF=N,GT_haplo,AD,0.005,1.941e-5,0.00247796,0.46233033,0.03035724,0.0
snp431,LG3,38.1899,NA,NA,REF=N,GT_haplo,AD,0.005,2.062e-5,0.00114338,0.3860456,0.02178962,0.0
snp427,LG3,38.6838,NA,NA,REF=N,GT_haplo,AD,0.005,8.974e-5,0.01128932,0.51081075,0.25901955,0.0
snp425,LG3,38.6838,NA,NA,REF=N,GT_haplo,AD,0.005,0.03967181,0.00098331,0.43477585,0.10459567,0.0
snp428,LG3,38.6838,NA,NA,REF=N,GT_haplo,AD,0.005,2.836e-5,0.00055059,0.61729244,6.6e-6,0.0
snp423,LG3,41.7914,NA,NA,REF=N,GT_haplo,AD,0.005,3.801e-5,0.00118668,0.73413512,0.04742118,0.0
snp426,LG3,41.7914,NA,NA,REF=N,GT_haplo,AD,0.005,0.01712211,1.048e-5,0.4510329,0.10762921,0.0
snp424,LG3,41.7914,NA,NA,REF=N,GT_haplo,AD,0.005,6.028e-5,0.0031717,0.20676904,0.03628548,0.0
snp420,LG3,42.2809,NA,NA,REF=N,GT_haplo,AD,0.005,4.641e-5,0.00343703,0.60061381,0.00020256,0.0
snp386,LG3,44.6673,NA,NA,REF=N,GT_haplo,AD,0.005,0.14718308,0.00085414,0.68466056,0.48375507,0.0
snp378,LG3,44.7341,NA,NA,REF=N,GT_haplo,AD,0.005,0.1633363,0.0052687,0.43094114,0.82730567,0.0
snp419,LG3,44.7341,NA,NA,REF=N,GT_haplo,AD,0.005,3.126e-5,0.00061467,0.53225295,0.31236804,0.0
snp418,LG3,47.0771,NA,NA,REF=N,GT_haplo,AD,0.005,2.699e-5,0.0039298,0.53403034,0.00834226,0.0
snp416,LG3,49.1043,NA,NA,REF=N,GT_haplo,AD,0.005,0.0798772,1.18e-5,0.64419355,0.15600253,0.0
snp384,LG3,49.1043,NA,NA,REF=N,GT_haplo,AD,0.005,0.15517346,1.002e-5,0.18221851,0.59264903,0.0
snp414,LG3,49.9417,NA,NA,REF=N,GT_haplo,AD,0.005,0.0360701,0.00472143,0.4890062,0.34409617,0.0
snp413,LG3,49.9417,NA,NA,REF=N,GT_haplo,AD,0.005,2.254e-5,0.00280084,0.63326163,0.09193863,0.0
snp415,LG3,49.9417,NA,NA,REF=N,GT_haplo,AD,0.005,0.03105808,0.0016239,0.48698369,0.32868349,0.0
snp404,LG3,52.4684,NA,NA,REF=N,GT_haplo,AD,0.005,8.502e-5,0.00889967,0.34045083,0.10148404,0.0
snp411,LG3,52.4684,NA,NA,REF=N,GT_haplo,AD,0.005,0.07152963,0.00183275,0.34674378,0.52303121,0.0
snp410,LG3,52.4684,NA,NA,REF=N,GT_haplo,AD,0.005,2.192e-5,0.00537682,0.35999979,0.00736187,0.0
snp405,LG3,54.5312,NA,NA,REF=N,GT_haplo,AD,0.005,2.159e-5,0.00165095,0.50051116,0.07747916,0.0
snp403,LG3,55.6542,NA,NA,REF=N,GT_haplo,AD,0.005,7.614e-5,1.002e-5,0.41663456,0.03817389,0.0
snp402,LG3,56.557,NA,NA,REF=N,GT_haplo,AD,0.005,0.03120659,1.002e-5,0.56299352,0.45822343,0.0
snp392,LG3,59.7781,NA,NA,REF=N,GT_haplo,AD,0.005,0.02691592,0.00734609,0.67232563,0.42938122,0.0
snp400,LG3,59.7781,NA,NA,REF=N,GT_haplo,AD,0.005,0.12233105,1.002e-5,0.1929007,6.6e-6,0.0
snp396,LG3,59.7781,NA,NA,REF=N,GT_haplo,AD,0.005,3.148e-5,1.001e-5,0.53095008,6.6e-6,0.0
snp401,LG3,61.1253,NA,NA,REF=N,GT_haplo,AD,0.005,0.00019955,0.00348612,0.53917253,0.17380066,0.0
snp391,LG3,64.5641,NA,NA,REF=N,GT_haplo,AD,0.005,0.00212775,1.001e-5,0.71788334,6.6e-6,0.0
snp389,LG3,67.2917,NA,NA,REF=N,GT_haplo,AD,0.005,2.89e-5,0.00199967,0.57180773,0.39230935,0.0
snp387,LG3,68.4869,NA,NA,REF=N,GT_haplo,AD,0.005,2.842e-5,0.00060103,0.52109421,0.04985284,0.0
snp383,LG3,73.2993,NA,NA,REF=N,GT_haplo,AD,0.005,2.148e-5,1.002e-5,0.33611368,0.02085874,0.0
snp380,LG3,74.6841,NA,NA,REF=N,GT_haplo,AD,0.005,0.00012541,0.00418856,0.31417899,0.09742456,0.0
snp382,LG3,75.616,NA,NA,REF=N,GT_haplo,AD,0.005,0.00014295,0.00486491,0.36022356,0.13720016,0.0
snp261,LG4,3.7361,NA,NA,REF=N,GT_haplo,AD,0.005,8.045e-5,0.01492347,0.26419178,0.0258661,0.0
snp265,LG4,3.7361,NA,NA,REF=N,GT_haplo,AD,0.005,0.02908567,1.001e-5,0.22777684,0.50370391,0.0
snp256,LG4,5.7447,NA,NA,REF=N,GT_haplo,AD,0.005,0.01902613,0.0014192,0.75400563,0.07641748,0.0
snp258,LG4,5.7447,NA,NA,REF=N,GT_haplo,AD,0.005,0.00178117,0.00505473,0.766291,0.66447536,0.0
snp259,LG4,5.7447,NA,NA,REF=N,GT_haplo,AD,0.005,0.07902256,1.002e-5,0.19545966,0.03777884,0.0
snp262,LG4,7.248,NA,NA,REF=N,GT_haplo,AD,0.005,0.00098853,0.00163385,0.30144052,0.04202647,0.0
snp263,LG4,7.248,NA,NA,REF=N,GT_haplo,AD,0.005,2.069e-5,1.002e-5,0.43815818,0.08532607,0.0
snp267,LG4,9.9057,NA,NA,REF=N,GT_haplo,AD,0.005,3.683e-5,0.00293262,0.4488229,0.11476976,0.0
snp251,LG4,10.8186,NA,NA,REF=N,GT_haplo,AD,0.005,0.07414067,0.01436355,0.13785049,6.42e-6,0.0
snp252,LG4,12.2359,NA,NA,REF=N,GT_haplo,AD,0.005,0.01463951,0.00212609,0.62807792,0.27010021,0.0
snp269,LG4,12.2359,NA,NA,REF=N,GT_haplo,AD,0.005,0.02863995,0.00573039,0.58467549,0.20264833,0.0
snp270,LG4,12.2359,NA,NA,REF=N,GT_haplo,AD,0.005,3.461e-5,0.00406817,0.4020914,0.03401764,0.0
snp272,LG4,16.2985,NA,NA,REF=N,GT_haplo,AD,0.005,0.01418882,1.001e-5,0.42406841,0.12285196,0.0
snp274,LG4,18.4205,NA,NA,REF=N,GT_haplo,AD,0.005,8.179e-5,1.002e-5,0.24139858,0.20018898,0.0
snp277,LG4,19.0,NA,NA,REF=N,GT_haplo,AD,0.005,4.756e-5,0.00109845,0.49624001,0.00775965,0.0
snp278,LG4,19.0,NA,NA,REF=N,GT_haplo,AD,0.005,2.695e-5,1.002e-5,0.57464425,0.146667,0.0
snp282,LG4,19.0,NA,NA,REF=N,GT_haplo,AD,0.005,0.01151009,1.002e-5,0.67919035,6.6e-6,0.0
snp281,LG4,19.0,NA,NA,REF=N,GT_haplo,AD,0.005,0.00019299,0.00085223,0.50123934,0.33765186,0.0
snp283,LG4,20.6347,NA,NA,REF=N,GT_haplo,AD,0.005,0.0001803,1.002e-5,0.26208262,6.6e-6,0.0
snp287,LG4,27.9646,NA,NA,REF=N,GT_haplo,AD,0.005,3.517e-5,0.00101063,0.21688151,0.17176926,0.0
snp291,LG4,27.9646,NA,NA,REF=N,GT_haplo,AD,0.005,5.038e-5,0.0028425,0.61979014,0.04576797,0.0
snp286,LG4,27.9646,NA,NA,REF=N,GT_haplo,AD,0.005,4.889e-5,0.00241808,0.43735872,0.32237128,0.0
snp288,LG4,27.9646,NA,NA,REF=N,GT_haplo,AD,0.005,7.769e-5,0.01193979,0.27620847,0.05408838,0.0
snp289,LG4,28.1118,NA,NA,REF=N,GT_haplo,AD,0.005,7.04e-5,0.00140473,0.43855528,0.15271103,0.0
snp296,LG4,30.5951,NA,NA,REF=N,GT_haplo,AD,0.005,0.04220389,1.002e-5,0.64897195,0.11072674,0.0
snp297,LG4,30.5951,NA,NA,REF=N,GT_haplo,AD,0.005,0.03378026,0.00424159,0.51824116,0.0137828,0.0
snp295,LG4,30.5951,NA,NA,REF=N,GT_haplo,AD,0.005,4.161e-5,1.001e-5,0.55385624,6.46e-6,0.0
snp300,LG4,30.5951,NA,NA,REF=N,GT_haplo,AD,0.005,0.06333091,0.00130275,0.45530271,0.09279679,0.0
snp299,LG4,30.5951,NA,NA,REF=N,GT_haplo,AD,0.005,0.03817697,0.00078652,0.33064488,6.6e-6,0.0
snp293,LG4,30.5951,NA,NA,REF=N,GT_haplo,AD,0.005,4.734e-5,1.002e-5,0.33275218,0.04258456,0.0
snp304,LG4,32.6169,NA,NA,REF=N,GT_haplo,AD,0.005,3.6e-5,0.0042687,0.49381035,6.6e-6,0.0
snp301,LG4,32.8135,NA,NA,REF=N,GT_haplo,AD,0.005,0.05386916,0.00034357,0.40893761,0.39987674,0.0
snp303,LG4,32.9674,NA,NA,REF=N,GT_haplo,AD,0.005,4.037e-5,1.002e-5,0.44138321,0.02314206,0.0
snp311,LG4,34.7849,NA,NA,REF=N,GT_haplo,AD,0.005,0.04769,2.116e-5,0.6767934,0.1250885,0.0
snp308,LG4,34.7989,NA,NA,REF=N,GT_haplo,AD,0.005,0.02166017,1.002e-5,0.61026856,0.05491355,0.0
snp306,LG4,34.7989,NA,NA,REF=N,GT_haplo,AD,0.005,0.03098639,0.00104875,0.36607397,6.6e-6,0.0
snp302,LG4,35.2016,NA,NA,REF=N,GT_haplo,AD,0.005,0.03112563,1.002e-5,0.47966568,0.14390426,0.0
snp325,LG4,38.0551,NA,NA,REF=N,GT_haplo,AD,0.005,0.13335958,0.00541608,0.59056255,0.89548006,0.0
snp313,LG4,38.0551,NA,NA,REF=N,GT_haplo,AD,0.005,0.02766103,0.00021578,0.36400385,0.21921037,0.0
snp316,LG4,39.6927,NA,NA,REF=N,GT_haplo,AD,0.005,6.806e-5,0.00084948,0.38222194,0.77271675,0.0
snp317,LG4,39.6927,NA,NA,REF=N,GT_haplo,AD,0.005,0.06008052,0.00440337,0.31182745,0.66283753,0.0
snp319,LG4,39.6927,NA,NA,REF=N,GT_haplo,AD,0.005,0.08881088,0.00591907,0.38474175,0.41737588,0.0
snp320,LG4,41.8781,NA,NA,REF=N,GT_haplo,AD,0.005,3.986e-5,0.02465113,0.45641123,0.87597785,0.0
snp321,LG4,44.1779,NA,NA,REF=N,GT_haplo,AD,0.005,6.38e-5,0.01333135,0.7205013,6.6e-6,0.0
snp324,LG4,45.5959,NA,NA,REF=N,GT_haplo,AD,0.005,9.97e-5,0.00070034,0.63864205,6.6e-6,0.0
snp323,LG4,46.5037,NA,NA,REF=N,GT_haplo,AD,0.005,0.07989959,0.00474879,0.34159953,0.72509665,0.0
snp326,LG4,48.4233,NA,NA,REF=N,GT_haplo,AD,0.005,7.296e-5,0.02318582,0.34821526,0.0271356,0.0
snp328,LG4,48.8752,NA,NA,REF=N,GT_haplo,AD,0.005,1.801e-5,0.00210133,0.55433154,0.32118116,0.0
snp333,LG4,49.973,NA,NA,REF=N,GT_haplo,AD,0.005,2.699e-5,0.00696689,0.1461357,6.6e-6,0.0
snp332,LG4,50.0586,NA,NA,REF=N,GT_haplo,AD,0.005,2.436e-5,0.00340941,0.77423142,0.15976261,0.0
snp334,LG4,52.5055,NA,NA,REF=N,GT_haplo,AD,0.005,3.194e-5,0.00274993,0.46213871,0.11695384,0.0
snp330,LG4,53.456,NA,NA,REF=N,GT_haplo,AD,0.005,4.729e-5,0.00441451,0.44439148,0.28319746,0.0
snp335,LG4,53.6724,NA,NA,REF=N,GT_haplo,AD,0.005,0.03178034,0.00164305,0.63231667,0.17016307,0.0
snp336,LG4,55.0086,NA,NA,REF=N,GT_haplo,AD,0.005,5.531e-5,1.002e-5,0.25866325,0.08773894,0.0
snp338,LG4,55.9453,NA,NA,REF=N,GT_haplo,AD,0.005,2.718e-5,0.00517321,0.29312889,0.03205784,0.0
snp339,LG4,56.7096,NA,NA,REF=N,GT_haplo,AD,0.005,4.221e-5,0.00108685,0.44705806,0.02091396,0.0
snp344,LG4,58.2874,NA,NA,REF=N,GT_haplo,AD,0.005,2.498e-5,0.00161615,0.53490131,0.0051743,0.0
snp343,LG4,58.2874,NA,NA,REF=N,GT_haplo,AD,0.005,2.091e-5,0.00594706,0.62202782,0.14411693,0.0
snp346,LG4,58.6214,NA,NA,REF=N,GT_haplo,AD,0.005,6.189e-5,0.03374436,0.29939702,0.05518132,0.0
snp345,LG4,58.6214,NA,NA,REF=N,GT_haplo,AD,0.005,2.884e-5,0.00433797,0.30700654,0.19281145,0.0
snp351,LG4,60.8138,NA,NA,REF=N,GT_haplo,AD,0.005,2.785e-5,0.00835476,0.2477852,6.6e-6,0.0
snp353,LG4,61.1574,NA,NA,REF=N,GT_haplo,AD,0.005,0.01927654,0.00097656,0.22759172,6.6e-6,0.0
snp349,LG4,61.1574,NA,NA,REF=N,GT_haplo,AD,0.005,0.09722296,1.002e-5,0.48784601,0.90311603,0.0
snp354,LG4,62.9745,NA,NA,REF=N,GT_haplo,AD,0.005,0.00014936,0.00866842,0.45547685,0.0695352,0.0
snp352,LG4,63.7537,NA,NA,REF=N,GT_haplo,AD,0.005,0.01653286,0.00342869,0.50778358,6.35e-6,0.0
snp362,LG4,67.3406,NA,NA,REF=N,GT_haplo,AD,0.005,5.959e-5,0.00083,0.22773469,0.30128556,0.0
snp357,LG4,68.6001,NA,NA,REF=N,GT_haplo,AD,0.005,0.00361197,0.00354376,0.23632505,0.13527938,0.0
snp361,LG4,70.3144,NA,NA,REF=N,GT_haplo,AD,0.005,2.251e-5,0.00050764,0.42459843,0.12022642,0.0
snp363,LG4,70.3144,NA,NA,REF=N,GT_haplo,AD,0.005,0.00213687,1.002e-5,0.67048417,0.01947594,0.0
snp366,LG4,71.4654,NA,NA,REF=N,GT_haplo,AD,0.005,0.00014062,1.002e-5,0.45040606,0.60248401,0.0
snp365,LG4,72.7609,NA,NA,REF=N,GT_haplo,AD,0.005,5.192e-5,0.01608889,0.61684113,6.6e-6,0.0
snp367,LG4,74.833,NA,NA,REF=N,GT_haplo,AD,0.005,0.01253853,0.00174309,0.41609747,0.09662664,0.0
snp369,LG4,79.0791,NA,NA,REF=N,GT_haplo,AD,0.005,0.04215317,1.002e-5,0.74493018,0.14201819,0.0
snp374,LG4,81.8847,NA,NA,REF=N,GT_haplo,AD,0.005,1.559e-5,0.00189077,0.39561405,0.10202317,0.0
snp375,LG4,82.0669,NA,NA,REF=N,GT_haplo,AD,0.005,0.01594702,0.00172281,0.60700961,0.15446866,0.0
snp370,LG4,83.9879,NA,NA,REF=N,GT_haplo,AD,0.005,0.00958768,0.00220305,0.30556014,0.37521444,0.0
snp371,LG4,84.0297,NA,NA,REF=N,GT_haplo,AD,0.005,0.03466653,0.00122552,0.44954454,0.01374804,0.0
