##col_1, linkagegroup, linkage group ID
##col_2, marker, marker ID
##col_3, pop1_A1|A2, n1|n2 where n1 = number of 1st allele A1 && n2 = number of 2nd allele A2 for subpoulation = pop1 && "=>0|0" denotes the genotypes in the subpopulation being set to missing
##col_4, pop3_A1|A2, n1|n2 where n1 = number of 1st allele A1 && n2 = number of 2nd allele A2 for subpoulation = pop3 && "=>0|0" denotes the genotypes in the subpopulation being set to missing
##col_5, pop2_A1|A2, n1|n2 where n1 = number of 1st allele A1 && n2 = number of 2nd allele A2 for subpoulation = pop2 && "=>0|0" denotes the genotypes in the subpopulation being set to missing
##col_6,snp_inconsistent, if the marker has inconsistent founder genotypes based on the dominant alleles in each monomorphic subpoulation
##col_7,founder_miss, fraction of missing founder genotypes after filtering && it is used by snp_missfilter
##col_8,offspring_miss, fraction of missing offspring genotypes after filtering && offspring_miss is the same as offspring_miss_mono2miss if snp_mono2miss = true
##col_9,offspring_miss_mono2excl, fraction of missing offspring genotypes after excluding monomorphic subpoulations
##col_10,offspring_miss_mono2miss, fraction of missing offspring genotypes after setting genotypes in monomorphic subpoulations to missing && it is used by snp_missfilter
##col_11,freqA2, frequency of 2nd allele A2 after filtering && freqA2 is the same as freqA2_mono2miss if snp_mono2miss = true
##col_12,freqA2_mono2miss, frequency of 2nd allele A2 after setting genotypes in monomorphic subpoulations to missing
##col_13,freqnonmiss_mono2miss, frequency of nonmissing offspring genotypes (excluding halfcalled 1N and 2N) after setting genotypes in monomorphic subpoulations to missing
linkagegroup,marker,pop1_A1|A2,pop3_A1|A2,pop2_A1|A2,snp_inconsistent,founder_miss,offspring_miss,offspring_miss_mono2excl,offspring_miss_mono2miss,freqA2,freqA2_mono2miss,freqnonmiss_mono2miss
1,snp1,0|0,20|144,81|89,false,0.25,0.4433,0.165,0.4433,0.6976,0.6976,0.4733
1,snp2,180|8=>0|0,45|134,166|9,false,0.0,0.41,0.115,0.41,0.404,0.404,0.5367
1,snp3,6|166=>0|0,12|84,50|57,false,0.0,0.6617,0.4925,0.6617,0.6946,0.6946,0.1033
1,snp4,136|2=>0|0,29|87,118|5=>0|0,false,0.0,0.8067,0.42,0.8067,0.75,0.75,0.1633
1,snp5,92|74,142|51,36|162,false,0.25,0.0717,0.0717,0.0717,0.5153,0.5153,1.2033
1,snp6,0|0,17|105,70|67,false,0.0,0.5683,0.3525,0.5683,0.6641,0.6641,0.3733
1,snp7,62|68,3|144=>0|0,75|69,false,0.0,0.5433,0.315,0.5433,0.5,0.5,0.6633
1,snp8,150|2=>0|0,40|135,163|9,false,0.0,0.4217,0.1325,0.4217,0.415,0.415,0.5633
1,snp9,82|90,135|32,141|3=>0|0,false,0.0,0.435,0.1525,0.435,0.3599,0.3599,0.8
1,snp10,0|0,18|92,98|3=>0|0,false,0.25,0.8167,0.45,0.8167,0.8364,0.8364,0.1033
1,snp11,92|96,128|4,70|65,false,0.0,0.2417,0.2417,0.2417,0.3626,0.3626,0.8833
1,snp12,86|88,16|153,93|79,false,0.0,0.1417,0.1417,0.1417,0.6214,0.6214,1.11
1,snp13,76|60,24|162,5|177=>0|0,false,0.25,0.4633,0.195,0.4633,0.6894,0.6894,0.76
1,snp14,90|102,99|34,65|74,false,0.0,0.2267,0.2267,0.2267,0.4526,0.4526,0.9
1,snp15,0|0,147|18,88|74,false,0.5,0.455,0.1825,0.455,0.2813,0.2813,0.4733
1,snp16,0|0,34|117,0|0,false,0.0,0.7483,0.245,0.7483,0.7748,0.7748,0.2267
1,snp17,86|92,30|102,78|47,false,0.0,0.275,0.275,0.275,0.554,0.554,0.84
1,snp18,90|96,16|168,0|0,false,0.25,0.3833,0.075,0.3833,0.7135,0.7135,0.9167
1,snp19,8|136,137|24,90|67,false,0.0,0.23,0.23,0.23,0.4913,0.4913,0.9833
1,snp20,44|68,22|70,10|78,false,0.0,0.5133,0.5133,0.5133,0.7397,0.7397,0.5333
1,snp21,148|8,41|129,156|13,false,0.0,0.175,0.175,0.175,0.303,0.303,1.0667
1,snp22,96|70,12|160,99|76,false,0.25,0.145,0.145,0.145,0.5965,0.5965,1.1133
1,snp23,2|158=>0|0,134|30,1|157=>0|0,false,0.0,0.7267,0.18,0.7267,0.1829,0.1829,0.2533
1,snp24,70|58,62|25,42|63,false,0.0,0.4667,0.4667,0.4667,0.4562,0.4562,0.6333
1,snp25,88|106,161|31,11|179,false,0.0,0.04,0.04,0.04,0.5486,0.5486,1.2733
1,snp26,4|172=>0|0,171|14,98|78,false,0.0,0.3983,0.0975,0.3983,0.2548,0.2548,0.5667
1,snp27,76|108,17|171,1|188=>0|0,false,0.25,0.38,0.07,0.38,0.75,0.75,0.9167
1,snp28,72|90,130|5,63|79,false,0.25,0.2683,0.2683,0.2683,0.3964,0.3964,0.8867
1,snp29,106|80,133|19,159|1=>0|0,false,0.0,0.4367,0.155,0.4367,0.2929,0.2929,0.8033
1,snp30,0|0,37|124,169|1=>0|0,false,0.0,0.7317,0.195,0.7317,0.7702,0.7702,0.2667
1,snp31,50|48,12|82,101|1=>0|0,false,0.0,0.68,0.52,0.68,0.6771,0.6771,0.4133
1,snp32,94|84,0|0,94|70,false,0.0,0.43,0.145,0.43,0.4503,0.4503,0.8467
1,snp33,98|84,16|88,94|3=>0|0,false,0.25,0.5233,0.285,0.5233,0.6014,0.6014,0.64
1,snp34,144|6=>0|0,87|21,53|51,false,0.0,0.6467,0.47,0.6467,0.3396,0.3396,0.1933
1,snp35,2|116=>0|0,53|23,4|70,false,0.0,0.75,0.625,0.75,0.62,0.62,0.09
1,snp36,78|92,26|153,3|175=>0|0,false,0.0,0.4183,0.1275,0.4183,0.702,0.702,0.83
1,snp37,4|142=>0|0,23|148,56|104,false,0.5,0.4483,0.1725,0.4483,0.7613,0.7613,0.5267
1,snp38,78|102,18|175,3|193=>0|0,false,0.0,0.3783,0.0675,0.3783,0.7426,0.7426,0.91
1,snp39,100|94,7|169,88|84,false,0.0,0.0967,0.0967,0.0967,0.6402,0.6402,1.1733
1,snp40,12|162,29|149,104|76,false,0.25,0.1133,0.1133,0.1133,0.7274,0.7274,1.11
1,snp41,2|152=>0|0,115|19,74|66,false,0.0,0.5433,0.315,0.5433,0.3102,0.3102,0.4433
1,snp42,10|148,121|24,77|67,false,0.0,0.255,0.255,0.255,0.5347,0.5347,0.95
1,snp43,2|156=>0|0,119|55,11|159,false,0.5,0.4267,0.14,0.4267,0.6221,0.6221,0.53
1,snp44,112|62,21|124,135|8,false,0.0,0.23,0.23,0.23,0.4199,0.4199,0.9233
1,snp45,88|74,7|158,69|96,false,0.0,0.18,0.18,0.18,0.6667,0.6667,1.03
1,snp46,72|88,168|26,6|191=>0|0,false,0.25,0.41,0.115,0.41,0.322,0.322,0.8567
1,snp47,146|6=>0|0,44|138,170|9,false,0.0,0.3983,0.0975,0.3983,0.4072,0.4072,0.5933
1,snp48,104|82,132|41,73|94,false,0.25,0.1233,0.1233,0.1233,0.4125,0.4125,1.1367
1,snp49,2|138=>0|0,19|103,62|62,false,0.0,0.59,0.385,0.59,0.6707,0.6707,0.2967
1,snp50,148|8,28|151,90|91,false,0.25,0.14,0.14,0.14,0.4845,0.4845,1.0967
1,snp51,144|4=>0|0,38|125,110|60,false,0.0,0.445,0.1675,0.445,0.5556,0.5556,0.5467
1,snp52,82|74,139|31,149|16,false,0.0,0.1817,0.1817,0.1817,0.2464,0.2464,1.02
1,snp53,14|148,119|35,66|74,false,0.75,0.24,0.24,0.24,0.5636,0.5636,0.9267
1,snp54,112|78,131|40,74|90,false,0.0,0.125,0.125,0.125,0.3962,0.3962,1.13
1,snp55,116|4=>0|0,74|22,46|48,false,0.0,0.6833,0.525,0.6833,0.3684,0.3684,0.2667
1,snp56,8|116,104|34,6|134=>0|0,false,0.0,0.5633,0.345,0.5633,0.5725,0.5725,0.6167
1,snp57,164|6=>0|0,45|104,144|7=>0|0,false,0.0,0.7517,0.255,0.7517,0.698,0.698,0.21
1,snp58,180|2=>0|0,18|168,70|97,false,0.0,0.4117,0.1175,0.4117,0.7507,0.7507,0.52
1,snp59,98|76,167|15,184|2=>0|0,false,0.0,0.4067,0.11,0.4067,0.2556,0.2556,0.88
1,snp60,138|4=>0|0,18|132,75|89,false,0.0,0.4767,0.215,0.4767,0.7038,0.7038,0.5233
1,snp61,12|14,0|0,16|19,false,0.25,0.8983,0.8475,0.8983,0.541,0.541,0.1133
1,snp62,68|108,163|23,65|118,false,0.0,0.0917,0.0917,0.0917,0.4569,0.4569,1.1867
1,snp63,4|184=>0|0,25|170,104|94,false,0.0,0.345,0.0175,0.345,0.6718,0.6718,0.6533
1,snp64,68|88,171|8,95|85,false,0.5,0.1417,0.1417,0.1417,0.3515,0.3515,1.07
1,snp65,166|4=>0|0,87|19,54|64,false,0.0,0.6267,0.44,0.6267,0.3705,0.3705,0.1533
1,snp66,0|0,88|7,67|44,false,0.25,0.6567,0.485,0.6567,0.2476,0.2476,0.1867
1,snp67,140|2=>0|0,161|16,83|91,false,0.0,0.415,0.1225,0.415,0.3048,0.3048,0.5733
1,snp68,62|80,104|15,6|125=>0|0,false,0.0,0.565,0.3475,0.565,0.364,0.364,0.62
1,snp69,0|0,4|24,11|14,false,0.25,0.9117,0.8675,0.9117,0.717,0.717,0.02
1,snp70,82|82,25|156,6|179=>0|0,false,0.5,0.425,0.1375,0.425,0.6899,0.6899,0.8433
1,snp71,6|182=>0|0,20|165,107|75,false,0.0,0.3883,0.0825,0.3883,0.654,0.654,0.5833
1,snp72,18|154,141|49,17|160,false,0.0,0.1017,0.1017,0.1017,0.6735,0.6735,1.1567
1,snp73,86|94,35|147,91|87,false,0.75,0.1,0.1,0.1,0.6074,0.6074,1.2
1,snp74,2|182=>0|0,149|26,87|81,false,0.0,0.4283,0.1425,0.4283,0.312,0.312,0.5567
1,snp75,142|22,30|111,57|91,false,0.25,0.245,0.245,0.245,0.4945,0.4945,0.8767
1,snp76,68|76,112|8,65|56,false,0.25,0.3583,0.3583,0.3583,0.3636,0.3636,0.8367
1,snp77,166|4=>0|0,98|21,49|82,false,0.0,0.5833,0.375,0.5833,0.412,0.412,0.2667
1,snp78,102|84,153|13,157|1=>0|0,false,0.0,0.4133,0.12,0.4133,0.2756,0.2756,0.8633
1,snp79,0|0,79|32,2|101=>0|0,false,0.0,0.815,0.445,0.815,0.2883,0.2883,0.1
1,snp80,0|0,22|174,100|96,false,0.25,0.3467,0.02,0.3467,0.6888,0.6888,0.6433
1,snp81,68|76,6|147,64|97,false,0.25,0.2367,0.2367,0.2367,0.6987,0.6987,0.9733
1,snp82,136|22,31|145,68|96,false,0.0,0.17,0.17,0.17,0.5281,0.5281,1.0767
1,snp83,84|86,158|9,169|3=>0|0,false,0.0,0.4383,0.1575,0.4383,0.2819,0.2819,0.8433
1,snp84,174|8=>0|0,18|173,83|99,false,0.25,0.3783,0.0675,0.3783,0.7292,0.7292,0.59
1,snp85,6|158=>0|0,91|8,69|44,false,0.0,0.6467,0.47,0.6467,0.2453,0.2453,0.16
1,snp86,86|70,121|51,81|99,false,1.0,0.1533,0.1533,0.1533,0.4331,0.4331,1.09
1,snp87,174|2=>0|0,19|154,75|101,false,0.0,0.4183,0.1275,0.4183,0.7307,0.7307,0.5667
1,snp88,4|184=>0|0,23|137,88|74,false,0.25,0.4633,0.195,0.4633,0.6553,0.6553,0.4367
1,snp89,156|2=>0|0,11|105,76|62,false,0.0,0.5767,0.365,0.5767,0.6575,0.6575,0.2667
1,snp90,146|14,145|34,85|81,false,0.0,0.1583,0.1583,0.1583,0.2554,0.2554,1.06
1,snp91,72|96,115|6,72|76,false,0.0,0.2717,0.2717,0.2717,0.4073,0.4073,0.8733
1,snp92,84|66,92|11,104|1=>0|0,false,0.0,0.5783,0.3675,0.5783,0.3043,0.3043,0.57
1,snp93,68|54,3|74,54|56,false,0.0,0.485,0.485,0.485,0.5955,0.5955,0.55
1,snp94,96|82,31|144,164|15,false,0.0,0.1133,0.1133,0.1133,0.453,0.453,1.1733
1,snp95,78|104,146|29,3|177=>0|0,false,0.25,0.405,0.1075,0.405,0.3725,0.3725,0.8567
1,snp96,0|0,169|27,108|81,false,0.25,0.3583,0.0375,0.3583,0.2805,0.2805,0.6333
1,snp97,80|94,153|32,8|174=>0|0,false,0.0,0.4017,0.1025,0.4017,0.351,0.351,0.88
1,snp98,86|60,2|115=>0|0,80|49,false,0.0,0.5417,0.3125,0.5417,0.3964,0.3964,0.63
1,snp99,58|84,23|117,5|144=>0|0,false,0.25,0.53,0.295,0.53,0.7128,0.7128,0.6867
1,snp100,96|84,131|47,83|93,false,0.0,0.11,0.11,0.11,0.4195,0.4195,1.16
1,snp101,82|88,124|7,69|83,false,0.25,0.245,0.245,0.245,0.3929,0.3929,0.95
1,snp102,172|2=>0|0,43|114,132|5=>0|0,false,0.0,0.7383,0.215,0.7383,0.7261,0.7261,0.2433
1,snp103,12|148,28|123,87|68,false,0.5,0.2233,0.2233,0.2233,0.7275,0.7275,0.9933
1,snp104,0|0,149|24,85|98,false,0.0,0.4067,0.11,0.4067,0.3427,0.3427,0.5833
1,snp105,178|6=>0|0,51|127,184|1=>0|0,false,0.0,0.7033,0.11,0.7033,0.7135,0.7135,0.2733
1,snp106,2|136=>0|0,32|139,90|74,false,0.5,0.4417,0.1625,0.4417,0.6358,0.6358,0.5533
1,snp107,148|8,25|76,84|5,false,0.0,0.4233,0.4233,0.4233,0.2572,0.2572,0.6
1,snp108,10|140,141|23,83|78,false,0.0,0.2083,0.2083,0.2083,0.5074,0.5074,1.0167
1,snp109,80|108,19|154,5|167=>0|0,false,0.0,0.3983,0.0975,0.3983,0.7258,0.7258,0.8867
1,snp110,84|96,42|150,16|182,false,0.0,0.05,0.05,0.05,0.7509,0.7509,1.2467
1,snp111,164|4=>0|0,52|122,0|0,false,0.0,0.71,0.13,0.71,0.7011,0.7011,0.2867
1,snp112,4|132=>0|0,83|31,4|86=>0|0,false,0.0,0.81,0.43,0.81,0.2719,0.2719,0.1167
1,snp113,8|140,147|29,88|93,false,0.25,0.1583,0.1583,0.1583,0.5188,0.5188,1.07
1,snp114,66|84,151|8,67|85,false,0.0,0.2317,0.2317,0.2317,0.3839,0.3839,0.9533
1,snp115,88|86,31|130,149|2=>0|0,false,0.0,0.4417,0.1625,0.4417,0.6448,0.6448,0.8267
1,snp116,8|156=>0|0,115|56,5|173=>0|0,false,0.0,0.715,0.145,0.715,0.3275,0.3275,0.2733
1,snp117,4|180=>0|0,28|119,64|80,false,0.25,0.515,0.2725,0.515,0.6838,0.6838,0.3433
1,snp118,0|0,114|45,0|0,false,0.0,0.735,0.205,0.735,0.283,0.283,0.26
1,snp119,98|82,123|16,153|3=>0|0,false,0.0,0.4683,0.2025,0.4683,0.3072,0.3072,0.77
1,snp120,6|132=>0|0,16|71,50|52,false,0.0,0.685,0.5275,0.685,0.6508,0.6508,0.12
1,snp121,106|6,141|44,88|88,false,0.0,0.2117,0.2117,0.2117,0.2918,0.2918,0.9567
1,snp122,2|136=>0|0,41|22,3|70=>0|0,false,0.0,0.895,0.685,0.895,0.3492,0.3492,0.0133
1,snp123,78|88,35|80,67|49,false,0.0,0.3383,0.3383,0.3383,0.5466,0.5466,0.7967
1,snp124,2|130=>0|0,94|63,8|138,false,0.25,0.495,0.2425,0.495,0.6634,0.6634,0.4467
1,snp125,84|74,13|60,4|76,false,0.0,0.4817,0.4817,0.4817,0.6752,0.6752,0.5367
2,snp126,112|2=>0|0,18|115,61|65,false,0.0,0.5683,0.3525,0.5683,0.695,0.695,0.4167
2,snp127,162|6=>0|0,37|132,172|2=>0|0,false,0.0,0.7183,0.155,0.7183,0.7811,0.7811,0.28
2,snp128,0|0,134|28,0|0,false,0.25,0.73,0.19,0.73,0.1728,0.1728,0.27
2,snp129,66|42,168|17,3|194=>0|0,false,0.0,0.5117,0.2675,0.5117,0.2014,0.2014,0.6633
2,snp130,86|112,159|19,170|8=>0|0,false,0.0,0.3733,0.06,0.3733,0.3484,0.3484,0.92
2,snp131,2|158=>0|0,108|15,58|76,false,0.5,0.5717,0.3575,0.5717,0.3541,0.3541,0.2633
2,snp132,158|2=>0|0,12|139,82|64,false,0.5,0.505,0.2575,0.505,0.6835,0.6835,0.4833
2,snp133,0|0,21|151,88|77,false,0.0,0.4383,0.1575,0.4383,0.6766,0.6766,0.55
2,snp134,82|70,33|125,89|81,false,0.0,0.2,0.2,0.2,0.575,0.575,1.04
2,snp135,2|168=>0|0,112|42,0|0,false,0.0,0.7433,0.23,0.7433,0.2727,0.2727,0.2333
2,snp136,96|74,181|1=>0|0,74|108,false,0.25,0.4133,0.12,0.4133,0.517,0.517,0.8567
2,snp137,60|84,13|145,169|1=>0|0,false,0.0,0.4967,0.245,0.4967,0.7583,0.7583,0.7267
2,snp138,92|72,20|154,9|164,false,0.5,0.1483,0.1483,0.1483,0.7632,0.7632,1.0567
2,snp139,0|0,32|134,0|0,false,0.0,0.7233,0.17,0.7233,0.8072,0.8072,0.24
2,snp140,64|44,88|17,37|57,false,0.25,0.4883,0.4883,0.4883,0.3844,0.3844,0.5933
2,snp141,16|30,1|25=>0|0,12|19,false,0.75,0.8717,0.8075,0.8717,0.6364,0.6364,0.1633
2,snp142,2|170=>0|0,146|42,11|171,false,0.0,0.3833,0.075,0.3833,0.5757,0.5757,0.6167
2,snp143,98|68,17|135,1|171=>0|0,false,0.0,0.47,0.205,0.47,0.6384,0.6384,0.7933
2,snp144,106|68,185|12,108|87,false,0.0,0.0567,0.0567,0.0567,0.2951,0.2951,1.22
2,snp145,74|86,134|21,148|2=>0|0,false,0.0,0.475,0.2125,0.475,0.3397,0.3397,0.76
2,snp146,160|8=>0|0,151|30,93|97,false,0.0,0.3817,0.0725,0.3817,0.3423,0.3423,0.6133
2,snp147,146|12,52|125,147|24,false,1.0,0.1567,0.1567,0.1567,0.3182,0.3182,1.1033
2,snp148,2|170=>0|0,104|53,2|164=>0|0,false,0.0,0.7383,0.215,0.7383,0.3376,0.3376,0.2433
2,snp149,90|72,164|1=>0|0,78|91,false,0.0,0.4483,0.1725,0.4483,0.4924,0.4924,0.8133
2,snp150,78|100,0|0,94|87,false,0.25,0.4017,0.1025,0.4017,0.5209,0.5209,0.89
2,snp151,0|0,26|140,78|72,false,0.0,0.4733,0.21,0.4733,0.6709,0.6709,0.5133
2,snp152,72|88,0|0,68|68,false,0.0,0.5067,0.26,0.5067,0.527,0.527,0.6767
2,snp153,84|86,20|119,129|2=>0|0,false,0.0,0.485,0.2275,0.485,0.6634,0.6634,0.7533
2,snp154,192|2=>0|0,151|23,90|90,false,0.0,0.41,0.115,0.41,0.3192,0.3192,0.52
2,snp155,8|180=>0|0,24|118,73|76,false,0.0,0.515,0.2725,0.515,0.6667,0.6667,0.3367
2,snp156,0|0,161|28,103|87,false,0.25,0.3683,0.0525,0.3683,0.3034,0.3034,0.62
2,snp157,74|78,171|6,92|80,false,0.5,0.165,0.165,0.165,0.3273,0.3273,1.06
2,snp158,0|0,22|104,76|57,false,0.0,0.5683,0.3525,0.5683,0.6216,0.6216,0.3067
2,snp159,72|68,165|13,81|93,false,0.25,0.18,0.18,0.18,0.3537,0.3537,0.9867
2,snp160,86|4=>0|0,21|38,45|3,false,0.0,0.8217,0.7325,0.8217,0.3832,0.3832,0.02
2,snp161,100|82,162|16,95|81,false,0.0,0.1067,0.1067,0.1067,0.334,0.334,1.15
2,snp162,82|66,22|72,7|87,false,0.0,0.44,0.44,0.44,0.6696,0.6696,0.6167
2,snp163,4|100=>0|0,50|21,5|48,false,0.0,0.7933,0.69,0.7933,0.5565,0.5565,0.0533
2,snp164,190|2=>0|0,51|125,179|3=>0|0,false,0.25,0.7067,0.12,0.7067,0.7102,0.7102,0.26
2,snp165,0|0,127|56,4|180=>0|0,false,0.0,0.695,0.085,0.695,0.306,0.306,0.3033
2,snp166,2|120=>0|0,26|140,79|78,false,0.0,0.4617,0.1925,0.4617,0.6749,0.6749,0.5367
2,snp167,84|96,35|155,15|174,false,0.25,0.0683,0.0683,0.0683,0.7603,0.7603,1.2167
2,snp168,96|82,122|24,140|4=>0|0,false,0.0,0.46,0.19,0.46,0.3272,0.3272,0.78
2,snp169,96|94,82|42,51|81,false,0.0,0.2567,0.2567,0.2567,0.4865,0.4865,0.88
2,snp170,86|82,35|125,151|9,false,0.0,0.1867,0.1867,0.1867,0.4426,0.4426,1.02
2,snp171,76|98,47|144,76|108,false,0.25,0.085,0.085,0.085,0.6375,0.6375,1.1767
2,snp172,184|8=>0|0,58|141,194|5=>0|0,false,0.0,0.6683,0.005,0.6683,0.7085,0.7085,0.33
2,snp173,94|92,51|120,81|81,false,0.0,0.135,0.135,0.135,0.5645,0.5645,1.0967
2,snp174,0|0,150|29,81|103,false,0.0,0.395,0.0925,0.395,0.3636,0.3636,0.5967
2,snp175,90|6,9|39,44|3,false,0.0,0.6817,0.6817,0.6817,0.2513,0.2513,0.33
2,snp176,0|0,28|161,85|103,false,0.0,0.3717,0.0575,0.3717,0.7003,0.7003,0.6067
2,snp177,74|74,9|81,2|89=>0|0,false,0.0,0.6033,0.405,0.6033,0.6513,0.6513,0.5667
2,snp178,90|78,38|77,62|52,false,0.25,0.3383,0.3383,0.3383,0.5214,0.5214,0.7867
2,snp179,74|86,26|119,13|136,false,0.0,0.2433,0.2433,0.2433,0.7511,0.7511,0.9333
2,snp180,88|92,38|129,23|151,false,0.5,0.1317,0.1317,0.1317,0.714,0.714,1.1
2,snp181,88|86,43|65,70|55,false,0.25,0.3217,0.3217,0.3217,0.5061,0.5061,0.7667
2,snp182,16|14,5|24,2|23,false,0.25,0.86,0.86,0.86,0.7262,0.7262,0.1033
2,snp183,92|74,33|95,53|63,false,0.5,0.3167,0.3167,0.3167,0.5659,0.5659,0.7867
2,snp184,40|24,6|26,3|36,false,0.25,0.775,0.775,0.775,0.637,0.637,0.23
2,snp185,0|0,167|27,98|89,false,0.5,0.365,0.0475,0.365,0.3045,0.3045,0.6233
2,snp186,72|92,161|16,175|1=>0|0,false,0.0,0.4317,0.1475,0.4317,0.3167,0.3167,0.8367
2,snp187,86|90,164|16,185|3=>0|0,false,0.0,0.4067,0.11,0.4067,0.2978,0.2978,0.87
2,snp188,48|54,0|0,62|59,false,0.25,0.6283,0.4425,0.6283,0.5067,0.5067,0.54
2,snp189,86|94,21|134,0|0,false,0.0,0.4417,0.1625,0.4417,0.6806,0.6806,0.83
2,snp190,80|78,19|132,5|140=>0|0,false,0.0,0.485,0.2275,0.485,0.6796,0.6796,0.7367
2,snp191,0|0,51|120,153|4=>0|0,false,0.0,0.715,0.145,0.715,0.7018,0.7018,0.27
2,snp192,42|58,116|17,115|4=>0|0,false,0.0,0.6117,0.4175,0.6117,0.3219,0.3219,0.55
2,snp193,92|94,56|110,86|81,false,0.0,0.135,0.135,0.135,0.5491,0.5491,1.1233
2,snp194,8|164=>0|0,45|115,76|82,false,0.0,0.47,0.205,0.47,0.6195,0.6195,0.4533
2,snp195,80|86,50|121,69|90,false,0.5,0.1733,0.1733,0.1733,0.5988,0.5988,1.0733
2,snp196,2|182=>0|0,25|140,90|81,false,0.25,0.44,0.16,0.44,0.6577,0.6577,0.4833
2,snp197,0|0,132|46,13|148,false,0.0,0.435,0.1525,0.435,0.5723,0.5723,0.55
2,snp198,100|82,142|6,81|77,false,0.0,0.1867,0.1867,0.1867,0.3381,0.3381,1.0033
2,snp199,0|0,16|52,55|4,false,0.0,0.7883,0.6825,0.7883,0.4409,0.4409,0.0633
2,snp200,0|0,15|157,57|105,false,0.0,0.4433,0.165,0.4433,0.7844,0.7844,0.5233
2,snp201,70|62,96|38,58|50,false,0.0,0.3767,0.3767,0.3767,0.4011,0.4011,0.8333
2,snp202,52|68,56|12,3|65=>0|0,false,0.0,0.6867,0.53,0.6867,0.4255,0.4255,0.4333
2,snp203,182|6=>0|0,47|131,176|5=>0|0,false,0.25,0.7033,0.11,0.7033,0.736,0.736,0.2767
2,snp204,0|0,19|63,58|4,false,0.25,0.76,0.64,0.76,0.4653,0.4653,0.1933
2,snp205,0|0,82|17,67|49,false,0.0,0.6417,0.4625,0.6417,0.307,0.307,0.1533
2,snp206,0|0,33|11,3|35,false,0.5,0.8633,0.795,0.8633,0.561,0.561,0.02
2,snp207,70|88,32|137,5|147=>0|0,false,0.25,0.455,0.1825,0.455,0.6881,0.6881,0.8067
2,snp208,84|60,81|27,95|7,false,0.0,0.41,0.41,0.41,0.2655,0.2655,0.6367
2,snp209,52|36,60|6,57|1=>0|0,false,0.25,0.7433,0.615,0.7433,0.2727,0.2727,0.3433
2,snp210,0|0,103|48,3|151=>0|0,false,0.0,0.7483,0.245,0.7483,0.3179,0.3179,0.2367
2,snp211,90|94,44|119,75|89,false,0.25,0.1483,0.1483,0.1483,0.591,0.591,1.0733
2,snp212,74|88,37|71,69|45,false,0.0,0.36,0.36,0.36,0.5312,0.5312,0.77
2,snp213,70|84,45|101,68|62,false,0.25,0.2833,0.2833,0.2833,0.5744,0.5744,0.93
2,snp214,96|88,5|186=>0|0,91|88,false,0.0,0.395,0.0925,0.395,0.4848,0.4848,0.8933
2,snp215,82|92,148|25,2|174=>0|0,false,0.0,0.4217,0.1325,0.4217,0.3372,0.3372,0.8667
2,snp216,168|12,152|46,80|110,false,0.0,0.0533,0.0533,0.0533,0.2958,0.2958,1.23
2,snp217,4|126=>0|0,39|153,80|106,false,0.0,0.37,0.055,0.37,0.6852,0.6852,0.6233
2,snp218,0|0,63|40,1|84=>0|0,false,0.0,0.8283,0.485,0.8283,0.3883,0.3883,0.1133
2,snp219,0|0,14|102,54|47,false,0.0,0.6383,0.4575,0.6383,0.6866,0.6866,0.2967
2,snp220,70|64,40|87,58|59,false,0.25,0.37,0.37,0.37,0.5556,0.5556,0.8367
2,snp221,76|80,85|14,8|82,false,0.0,0.425,0.425,0.425,0.5101,0.5101,0.67
2,snp222,10|108,100|31,71|73,false,0.25,0.345,0.345,0.345,0.5394,0.5394,0.7867
2,snp223,78|58,98|51,79|68,false,0.0,0.28,0.28,0.28,0.4097,0.4097,0.9267
2,snp224,0|0,38|9,15|36,false,0.25,0.8367,0.755,0.8367,0.4592,0.4592,0.0367
2,snp225,0|0,42|116,0|0,false,0.25,0.7367,0.21,0.7367,0.7342,0.7342,0.2633
2,snp226,2|170=>0|0,30|153,99|94,false,0.0,0.3733,0.06,0.3733,0.6569,0.6569,0.62
2,snp227,70|84,140|19,75|81,false,0.25,0.2183,0.2183,0.2183,0.3923,0.3923,1.0233
2,snp228,164|2=>0|0,78|15,51|54,false,0.5,0.67,0.505,0.67,0.3485,0.3485,0.15
2,snp229,66|80,31|62,53|39,false,0.0,0.4483,0.4483,0.4483,0.5468,0.5468,0.5833
2,snp230,66|60,116|1=>0|0,52|58,false,0.0,0.6067,0.41,0.6067,0.5,0.5,0.5967
2,snp231,82|66,138|24,160|4=>0|0,false,0.0,0.4833,0.225,0.4833,0.2903,0.2903,0.7433
2,snp232,164|6=>0|0,76|26,58|63,false,0.0,0.6283,0.4425,0.6283,0.3991,0.3991,0.16
2,snp233,92|78,32|143,182|4=>0|0,false,0.0,0.425,0.1375,0.425,0.6406,0.6406,0.8567
2,snp234,102|72,90|37,76|67,false,0.0,0.26,0.26,0.26,0.3964,0.3964,0.92
2,snp235,6|98,112|23,47|44,false,0.0,0.45,0.45,0.45,0.5,0.5,0.7067
2,snp236,78|88,44|84,70|52,false,0.0,0.3067,0.3067,0.3067,0.5385,0.5385,0.7967
2,snp237,96|84,1|134=>0|0,68|73,false,0.0,0.465,0.1975,0.465,0.4891,0.4891,0.78
2,snp238,0|0,131|43,2|166=>0|0,false,0.0,0.71,0.13,0.71,0.2471,0.2471,0.27
2,snp239,86|94,170|15,87|79,false,0.0,0.115,0.115,0.115,0.354,0.354,1.16
2,snp240,48|64,55|14,0|0,false,0.0,0.6983,0.5475,0.6983,0.4309,0.4309,0.3933
2,snp241,60|60,117|23,141|11,false,0.0,0.3133,0.3133,0.3133,0.2282,0.2282,0.8767
2,snp242,168|4=>0|0,33|154,101|92,false,0.0,0.3667,0.05,0.3667,0.6474,0.6474,0.6233
2,snp243,8|184=>0|0,101|56,11|141,false,0.0,0.485,0.2275,0.485,0.6375,0.6375,0.38
2,snp244,180|8=>0|0,49|122,160|11,false,0.25,0.43,0.145,0.43,0.3889,0.3889,0.5067
2,snp245,88|90,6|183=>0|0,94|94,false,0.0,0.39,0.085,0.39,0.5027,0.5027,0.9
2,snp246,60|50,25|58,40|45,false,0.0,0.5367,0.5367,0.5367,0.5504,0.5504,0.51
2,snp247,88|100,35|159,190|4=>0|0,false,0.0,0.3633,0.045,0.3633,0.678,0.678,0.9467
2,snp248,4|144=>0|0,84|25,58|71,false,0.25,0.6033,0.405,0.6033,0.4034,0.4034,0.27
2,snp249,86|72,22|67,39|66,false,0.25,0.4133,0.4133,0.4133,0.5824,0.5824,0.67
2,snp250,98|88,19|132,9|141,false,0.0,0.1883,0.1883,0.1883,0.7413,0.7413,0.99
3,snp251,50|56,3|33,13|37,false,0.25,0.68,0.68,0.68,0.6562,0.6562,0.3667
3,snp252,70|74,130|19,3|141=>0|0,false,0.0,0.5117,0.2675,0.5117,0.3174,0.3174,0.72
3,snp253,196|2=>0|0,23|172,99|101,false,0.0,0.3417,0.0125,0.3417,0.6911,0.6911,0.65
3,snp254,94|72,17|131,139|4=>0|0,false,0.0,0.4767,0.215,0.4767,0.6465,0.6465,0.7533
3,snp255,84|102,15|162,0|0,false,0.0,0.395,0.0925,0.395,0.7273,0.7273,0.9033
3,snp256,142|12,43|120,154|2=>0|0,false,0.0,0.4717,0.2075,0.4717,0.4164,0.4164,0.77
3,snp257,74|98,158|8,90|83,false,0.25,0.1483,0.1483,0.1483,0.3699,0.3699,1.1267
3,snp258,0|0,48|141,162|4=>0|0,false,0.25,0.685,0.055,0.685,0.746,0.746,0.3133
3,snp259,62|74,89|20,8|94,false,0.0,0.4217,0.4217,0.4217,0.5418,0.5418,0.6733
3,snp260,78|66,131|16,160|2=>0|0,false,0.0,0.515,0.2725,0.515,0.2818,0.2818,0.7233
3,snp261,54|58,9|153,63|92,false,0.0,0.285,0.285,0.285,0.7063,0.7063,0.87
3,snp262,100|72,136|12,155|5=>0|0,false,0.0,0.4667,0.2,0.4667,0.2625,0.2625,0.77
3,snp263,94|86,149|37,79|102,false,0.25,0.0883,0.0883,0.0883,0.4113,0.4113,1.21
3,snp264,82|98,22|146,7|166=>0|0,false,0.0,0.42,0.13,0.42,0.7011,0.7011,0.8267
3,snp265,178|10,127|28,60|100,false,0.0,0.1617,0.1617,0.1617,0.2744,0.2744,1.0433
3,snp266,140|12,40|151,96|93,false,0.25,0.1133,0.1133,0.1133,0.4812,0.4812,1.12
3,snp267,64|92,162|5=>0|0,90|84,false,0.0,0.45,0.175,0.45,0.5333,0.5333,0.79
3,snp268,86|64,88|11,92|6,false,0.25,0.4217,0.4217,0.4217,0.2334,0.2334,0.63
3,snp269,78|96,24|153,4|177=>0|0,false,0.0,0.415,0.1225,0.415,0.7094,0.7094,0.8367
3,snp270,72|78,106|3,58|51,false,0.25,0.3867,0.3867,0.3867,0.3587,0.3587,0.7367
3,snp271,158|8=>0|0,154|34,76|105,false,0.0,0.385,0.0775,0.385,0.3767,0.3767,0.6067
3,snp272,98|92,167|22,5|193=>0|0,false,0.0,0.3683,0.0525,0.3683,0.3008,0.3008,0.9433
3,snp273,0|0,179|15,114|75,false,0.25,0.3617,0.0425,0.3617,0.235,0.235,0.62
3,snp274,178|6=>0|0,26|138,152|7=>0|0,false,0.0,0.7267,0.18,0.7267,0.8415,0.8415,0.2367
3,snp275,46|62,16|53,38|38,false,0.25,0.5783,0.5783,0.5783,0.6047,0.6047,0.4767
3,snp276,70|54,98|28,110|11,false,0.0,0.3817,0.3817,0.3817,0.2507,0.2507,0.6833
3,snp277,106|82,26|172,193|5=>0|0,false,0.0,0.3567,0.035,0.3567,0.658,0.658,0.9567
3,snp278,102|80,160|25,176|8=>0|0,false,0.25,0.3883,0.0825,0.3883,0.2861,0.2861,0.9133
3,snp279,6|154=>0|0,14|98,59|63,false,0.5,0.61,0.415,0.61,0.688,0.688,0.2033
3,snp280,0|0,109|33,2|151=>0|0,false,0.0,0.7633,0.29,0.7633,0.2324,0.2324,0.23
3,snp281,80|64,3|108=>0|0,57|57,false,0.0,0.57,0.355,0.57,0.469,0.469,0.59
3,snp282,90|90,41|111,89|75,false,0.0,0.1733,0.1733,0.1733,0.5565,0.5565,1.02
3,snp283,76|104,183|5=>0|0,91|99,false,0.0,0.3833,0.075,0.3833,0.5486,0.5486,0.9167
3,snp284,86|100,185|11,100|91,false,0.0,0.045,0.045,0.045,0.3525,0.3525,1.2533
3,snp285,90|70,6|131,68|74,false,0.5,0.2683,0.2683,0.2683,0.6264,0.6264,0.8567
3,snp286,66|104,40|115,66|82,false,0.25,0.2117,0.2117,0.2117,0.6364,0.6364,1.01
3,snp287,106|86,20|172,187|8=>0|0,false,0.25,0.36,0.04,0.36,0.6719,0.6719,0.9467
3,snp288,64|48,104|21,127|8,false,0.5,0.38,0.38,0.38,0.207,0.207,0.7767
3,snp289,72|64,0|0,52|68,false,0.0,0.5733,0.36,0.5733,0.5156,0.5156,0.5933
3,snp290,62|76,24|106,10|127,false,0.25,0.325,0.325,0.325,0.763,0.763,0.8367
3,snp291,0|0,117|40,0|0,false,0.0,0.7383,0.215,0.7383,0.2548,0.2548,0.2167
3,snp292,60|90,131|24,0|0,false,0.25,0.4917,0.2375,0.4917,0.3738,0.3738,0.7567
3,snp293,36|30,6|63,2|40=>0|0,false,0.0,0.775,0.6625,0.775,0.6889,0.6889,0.2733
3,snp294,0|0,158|23,99|80,false,0.25,0.4,0.1,0.4,0.2861,0.2861,0.5567
3,snp295,156|2=>0|0,42|110,148|5=>0|0,false,0.0,0.7467,0.24,0.7467,0.7237,0.7237,0.24
3,snp296,80|104,60|119,88|87,false,0.0,0.1033,0.1033,0.1033,0.5762,0.5762,1.1433
3,snp297,44|56,73|8,49|58,false,0.0,0.52,0.52,0.52,0.4236,0.4236,0.5467
3,snp298,74|54,2|66=>0|0,51|56,false,0.0,0.6083,0.4125,0.6083,0.4681,0.4681,0.55
3,snp299,62|74,85|20,11|105,false,0.0,0.405,0.405,0.405,0.5574,0.5574,0.7
3,snp300,50|88,146|16,81|100,false,0.0,0.1983,0.1983,0.1983,0.4241,0.4241,1.0233
3,snp301,122|8,31|116,76|68,false,0.0,0.2983,0.2983,0.2983,0.4561,0.4561,0.91
3,snp302,124|12,13|90,56|52,false,0.0,0.4217,0.4217,0.4217,0.4438,0.4438,0.6733
3,snp303,76|100,160|2=>0|0,75|88,false,0.0,0.435,0.1525,0.435,0.5546,0.5546,0.83
3,snp304,176|2=>0|0,47|135,0|0,false,0.25,0.6967,0.09,0.6967,0.7418,0.7418,0.2833
3,snp305,82|112,0|0,94|90,false,0.0,0.37,0.055,0.37,0.5344,0.5344,0.94
3,snp306,94|84,35|133,167|8=>0|0,false,0.0,0.4233,0.135,0.4233,0.6272,0.6272,0.86
3,snp307,4|166=>0|0,33|136,78|98,false,0.0,0.425,0.1375,0.425,0.6783,0.6783,0.5467
3,snp308,106|78,1|138=>0|0,85|75,false,0.0,0.4267,0.14,0.4267,0.4448,0.4448,0.82
3,snp309,52|56,10|91,72|54,false,0.25,0.4417,0.4417,0.4417,0.6,0.6,0.7333
3,snp310,72|44,54|20,44|29,false,0.25,0.5617,0.5617,0.5617,0.3536,0.3536,0.4633
3,snp311,0|0,60|2=>0|0,36|27,false,0.0,0.895,0.685,0.895,0.4286,0.4286,0.0533
3,snp312,56|68,70|15,2|89=>0|0,false,0.0,0.6517,0.4775,0.6517,0.3971,0.3971,0.4667
3,snp313,78|102,33|155,10|180,false,0.75,0.07,0.07,0.07,0.7832,0.7832,1.2267
3,snp314,48|58,54|3,1|56=>0|0,false,0.0,0.7283,0.5925,0.7283,0.3742,0.3742,0.3533
3,snp315,98|80,22|157,0|0,false,0.25,0.405,0.1075,0.405,0.6639,0.6639,0.8833
3,snp316,0|0,13|132,70|80,false,0.0,0.5083,0.2625,0.5083,0.7186,0.7186,0.4867
3,snp317,44|42,9|58,70|10,false,0.25,0.6117,0.6117,0.6117,0.4721,0.4721,0.4067
3,snp318,80|112,158|20,2|181=>0|0,false,0.0,0.3833,0.075,0.3833,0.3568,0.3568,0.9267
3,snp319,94|68,86|27,110|20,false,0.0,0.325,0.325,0.325,0.284,0.284,0.77
3,snp320,0|0,153|24,93|86,false,0.0,0.4067,0.11,0.4067,0.309,0.309,0.5533
3,snp321,150|4=>0|0,30|126,80|77,false,0.25,0.4783,0.2175,0.4783,0.6486,0.6486,0.4833
3,snp322,82|102,161|2=>0|0,81|77,false,0.0,0.43,0.145,0.43,0.5234,0.5234,0.8233
3,snp323,14|144,20|129,66|85,false,0.25,0.2367,0.2367,0.2367,0.7817,0.7817,0.8867
3,snp324,4|172=>0|0,152|31,86|91,false,0.0,0.4,0.1,0.4,0.3389,0.3389,0.5933
3,snp325,70|72,28|112,73|70,false,0.0,0.2917,0.2917,0.2917,0.5976,0.5976,0.8233
3,snp326,2|162=>0|0,129|41,7|169=>0|0,false,0.0,0.7167,0.15,0.7167,0.2412,0.2412,0.2333
3,snp327,92|58,139|43,99|75,false,0.25,0.1567,0.1567,0.1567,0.3478,0.3478,1.07
3,snp328,184|4=>0|0,180|16,101|89,false,0.0,0.3567,0.035,0.3567,0.272,0.272,0.62
3,snp329,2|162=>0|0,126|42,2|170=>0|0,false,0.0,0.72,0.16,0.72,0.25,0.25,0.2633
3,snp330,0|0,99|14,60|65,false,0.0,0.6033,0.405,0.6033,0.3319,0.3319,0.2167
3,snp331,2|122=>0|0,104|38,4|132=>0|0,false,0.0,0.7633,0.29,0.7633,0.2676,0.2676,0.2233
3,snp332,172|2=>0|0,163|15,108|73,false,0.25,0.4017,0.1025,0.4017,0.2451,0.2451,0.5567
3,snp333,80|62,91|28,99|8,false,0.75,0.3867,0.3867,0.3867,0.2663,0.2663,0.73
3,snp334,84|94,39|90,60|77,false,0.0,0.26,0.26,0.26,0.5878,0.5878,0.8867
3,snp335,102|78,24|106,118|9,false,1.0,0.2717,0.2717,0.2717,0.4416,0.4416,0.8433
3,snp336,4|192=>0|0,134|54,0|0,false,0.0,0.6867,0.06,0.6867,0.2872,0.2872,0.3067
3,snp337,84|92,145|18,2|171=>0|0,false,0.25,0.435,0.1525,0.435,0.3245,0.3245,0.8567
3,snp338,0|0,134|29,86|79,false,0.0,0.4533,0.18,0.4533,0.3293,0.3293,0.5233
3,snp339,92|96,170|28,7|189=>0|0,false,0.25,0.3567,0.035,0.3567,0.3212,0.3212,0.9533
3,snp340,0|0,10|39,33|1=>0|0,false,0.0,0.9183,0.755,0.9183,0.7959,0.7959,0.0167
3,snp341,126|10,57|130,161|21,false,1.0,0.1583,0.1583,0.1583,0.3188,0.3188,1.06
3,snp342,58|72,24|116,9|137,false,0.75,0.3067,0.3067,0.3067,0.7812,0.7812,0.84
3,snp343,4|166=>0|0,23|174,104|93,false,0.0,0.3433,0.015,0.3433,0.6777,0.6777,0.65
3,snp344,0|0,15|160,85|84,false,0.0,0.4267,0.14,0.4267,0.7093,0.7093,0.5567
3,snp345,88|104,151|24,1|181=>0|0,false,0.25,0.3883,0.0825,0.3883,0.3488,0.3488,0.8933
3,snp346,0|0,39|123,170|1=>0|0,false,0.0,0.73,0.19,0.73,0.7593,0.7593,0.2067
3,snp347,56|58,5|119,57|49,false,0.25,0.4267,0.4267,0.4267,0.657,0.657,0.76
3,snp348,136|16,76|16,49|64,false,0.5,0.405,0.405,0.405,0.2689,0.2689,0.6567
3,snp349,68|72,92|25,13|86,false,0.0,0.4067,0.4067,0.4067,0.514,0.514,0.6667
3,snp350,98|98,27|124,2|138=>0|0,false,0.0,0.4217,0.1325,0.4217,0.6398,0.6398,0.8267
3,snp351,0|0,22|149,76|97,false,0.0,0.4267,0.14,0.4267,0.7151,0.7151,0.4933
3,snp352,0|0,26|79,89|6,false,0.0,0.6667,0.5,0.6667,0.425,0.425,0.16
3,snp353,156|16,117|16,59|90,false,0.0,0.2433,0.2433,0.2433,0.2687,0.2687,0.9267
3,snp354,160|2=>0|0,23|134,85|87,false,0.0,0.4517,0.1775,0.4517,0.6717,0.6717,0.5367
3,snp355,90|66,66|129,97|88,false,0.25,0.1067,0.1067,0.1067,0.528,0.528,1.1267
3,snp356,164|2=>0|0,50|110,168|3=>0|0,false,0.0,0.7333,0.2,0.7333,0.6875,0.6875,0.2533
3,snp357,0|0,122|60,5|175=>0|0,false,0.0,0.6967,0.09,0.6967,0.3297,0.3297,0.2933
3,snp358,0|0,127|30,74|85,false,0.0,0.4733,0.21,0.4733,0.3639,0.3639,0.43
3,snp359,2|138=>0|0,135|52,11|186,false,0.0,0.36,0.04,0.36,0.6198,0.6198,0.62
3,snp360,90|82,62|30,43|56,false,0.0,0.395,0.395,0.395,0.4628,0.4628,0.69
3,snp361,64|82,103|34,70|80,false,0.25,0.2783,0.2783,0.2783,0.4527,0.4527,0.95
3,snp362,80|100,146|21,3|183=>0|0,false,0.0,0.4217,0.1325,0.4217,0.3487,0.3487,0.8733
3,snp363,82|78,104|5,70|54,false,0.0,0.345,0.345,0.345,0.3486,0.3486,0.75
3,snp364,16|126,104|61,26|150,false,0.75,0.195,0.195,0.195,0.6977,0.6977,0.97
3,snp365,170|2=>0|0,39|99,127|1=>0|0,false,0.25,0.77,0.31,0.77,0.7174,0.7174,0.1767
3,snp366,6|146=>0|0,17|127,66|77,false,0.0,0.5217,0.2825,0.5217,0.7108,0.7108,0.4333
3,snp367,96|92,19|160,178|3=>0|0,false,0.25,0.3883,0.0825,0.3883,0.6866,0.6866,0.9067
3,snp368,88|92,127|43,67|104,false,0.0,0.1317,0.1317,0.1317,0.4587,0.4587,1.1067
3,snp369,10|154,126|29,100|52,false,0.0,0.215,0.215,0.215,0.4989,0.4989,0.9933
3,snp370,0|0,27|126,155|2=>0|0,false,0.0,0.745,0.235,0.745,0.8235,0.8235,0.2467
3,snp371,4|172=>0|0,136|43,13|177,false,0.0,0.385,0.0775,0.385,0.5962,0.5962,0.6067
3,snp372,4|168=>0|0,127|52,5|171=>0|0,false,0.0,0.7017,0.105,0.7017,0.2905,0.2905,0.2767
3,snp373,4|170=>0|0,120|38,9|142,false,0.0,0.485,0.2275,0.485,0.5825,0.5825,0.3867
3,snp374,80|94,144|43,82|108,false,0.5,0.0817,0.0817,0.0817,0.4446,0.4446,1.2067
3,snp375,8|148,24|151,107|89,false,0.25,0.1217,0.1217,0.1217,0.7362,0.7362,1.1367
4,snp376,0|0,119|62,2|168=>0|0,false,0.0,0.6983,0.095,0.6983,0.3425,0.3425,0.27
4,snp377,68|88,159|36,169|21,false,0.0,0.0983,0.0983,0.0983,0.268,0.268,1.1567
4,snp378,142|8,26|163,96|94,false,0.25,0.1183,0.1183,0.1183,0.5009,0.5009,1.11
4,snp379,6|160=>0|0,98|36,7|130,false,0.25,0.5483,0.3225,0.5483,0.6125,0.6125,0.3767
4,snp380,62|98,151|22,167|8=>0|0,false,0.25,0.445,0.1675,0.445,0.3604,0.3604,0.8033
4,snp381,78|84,35|141,162|21,false,0.0,0.1317,0.1317,0.1317,0.4722,0.4722,1.1167
4,snp382,0|0,24|141,79|98,false,0.0,0.43,0.145,0.43,0.6988,0.6988,0.4967
4,snp383,72|112,20|154,170|2=>0|0,false,0.0,0.4033,0.105,0.4033,0.743,0.743,0.8833
4,snp384,0|0,35|115,144|1=>0|0,false,0.0,0.75,0.25,0.75,0.7667,0.7667,0.2033
4,snp385,58|78,69|12,69|8,false,0.0,0.51,0.51,0.51,0.3333,0.3333,0.5133
4,snp386,14|146,67|32,4|96=>0|0,false,0.25,0.5683,0.3525,0.5683,0.6873,0.6873,0.6133
4,snp387,62|72,21|135,153|2=>0|0,false,0.0,0.5167,0.275,0.5167,0.7138,0.7138,0.7033
4,snp388,56|84,28|111,62|68,false,0.0,0.3183,0.3183,0.3183,0.643,0.643,0.81
4,snp389,78|64,16|140,3|141=>0|0,false,0.0,0.5033,0.255,0.5033,0.6846,0.6846,0.73
4,snp390,90|52,16|126,7|146=>0|0,false,0.25,0.5267,0.29,0.5267,0.6268,0.6268,0.7
4,snp391,52|74,15|56,66|1=>0|0,false,0.0,0.6717,0.5075,0.6717,0.6599,0.6599,0.4567
4,snp392,0|0,40|151,109|74,false,0.25,0.3767,0.065,0.3767,0.6016,0.6016,0.59
4,snp393,110|70,119|62,23|156,false,0.25,0.1,0.1,0.1,0.5333,0.5333,1.1433
4,snp394,4|178=>0|0,131|28,86|78,false,0.0,0.4617,0.1925,0.4617,0.3282,0.3282,0.47
4,snp395,100|78,146|41,10|177,false,0.5,0.08,0.08,0.08,0.5362,0.5362,1.2033
4,snp396,74|104,143|27,155|3=>0|0,false,0.0,0.42,0.13,0.42,0.3764,0.3764,0.8633
4,snp397,0|0,117|51,5|170=>0|0,false,0.0,0.72,0.16,0.72,0.3036,0.3036,0.2367
4,snp398,0|0,18|80,67|49,false,0.25,0.6433,0.465,0.6433,0.6028,0.6028,0.17
4,snp399,66|108,94|23,0|0,false,0.0,0.515,0.2725,0.515,0.4502,0.4502,0.67
4,snp400,130|20,19|57,29|61,false,0.0,0.4733,0.4733,0.4733,0.4367,0.4367,0.5667
4,snp401,0|0,22|104,64|61,false,0.0,0.5817,0.3725,0.5817,0.6574,0.6574,0.38
4,snp402,62|88,26|101,124|8,false,0.5,0.3183,0.3183,0.3183,0.4817,0.4817,0.8033
4,snp403,68|106,2|121=>0|0,66|80,false,0.0,0.4667,0.2,0.4667,0.5812,0.5812,0.7633
4,snp404,192|2=>0|0,36|84,107|2=>0|0,false,0.0,0.8,0.4,0.8,0.7,0.7,0.1067
4,snp405,0|0,142|35,89|90,false,0.0,0.4067,0.11,0.4067,0.3511,0.3511,0.59
4,snp406,80|98,32|146,0|0,false,0.0,0.4067,0.11,0.4067,0.6854,0.6854,0.89
4,snp407,102|86,31|149,11|165,false,0.25,0.0933,0.0933,0.0933,0.7353,0.7353,1.1767
4,snp408,0|0,115|47,2|161=>0|0,false,0.0,0.73,0.19,0.73,0.2901,0.2901,0.2633
4,snp409,78|58,68|1=>0|0,47|37,false,0.0,0.6333,0.45,0.6333,0.4318,0.4318,0.4867
4,snp410,0|0,138|35,76|95,false,0.0,0.4267,0.14,0.4267,0.3779,0.3779,0.53
4,snp411,78|94,103|83,92|100,false,0.0,0.0833,0.0833,0.0833,0.5036,0.5036,1.1767
4,snp412,96|84,56|119,100|89,false,0.0,0.0933,0.0933,0.0933,0.5368,0.5368,1.17
4,snp413,92|74,54|103,83|72,false,0.0,0.2033,0.2033,0.2033,0.5209,0.5209,1.02
4,snp414,4|150=>0|0,110|37,70|63,false,0.5,0.5333,0.3,0.5333,0.3571,0.3571,0.3433
4,snp415,14|168,122|52,6|160=>0|0,false,0.0,0.4067,0.11,0.4067,0.618,0.618,0.8667
4,snp416,16|138,105|38,76|70,false,0.0,0.2617,0.2617,0.2617,0.5553,0.5553,0.9033
4,snp417,2|172=>0|0,24|131,82|74,false,0.0,0.4817,0.2225,0.4817,0.6592,0.6592,0.4233
4,snp418,0|0,132|33,93|81,false,0.0,0.435,0.1525,0.435,0.3363,0.3363,0.5367
4,snp419,70|90,129|22,156|2=>0|0,false,0.0,0.4817,0.2225,0.4817,0.3601,0.3601,0.77
4,snp420,94|64,22|95,1|115=>0|0,false,0.5,0.5417,0.3125,0.5417,0.5782,0.5782,0.64
4,snp421,92|74,88|42,30|115,false,0.0,0.265,0.265,0.265,0.5238,0.5238,0.8533
4,snp422,58|86,23|82,99|9,false,0.0,0.405,0.405,0.405,0.4958,0.4958,0.6467
4,snp423,72|104,1|158=>0|0,79|75,false,0.25,0.45,0.175,0.45,0.5424,0.5424,0.8033
4,snp424,2|126=>0|0,18|115,68|58,false,0.25,0.5683,0.3525,0.5683,0.668,0.668,0.42
4,snp425,156|16,42|156,88|106,false,0.25,0.06,0.06,0.06,0.4929,0.4929,1.22
4,snp426,78|98,84|42,62|76,false,0.0,0.2667,0.2667,0.2667,0.4909,0.4909,0.8667
4,snp427,76|54,22|75,2|115=>0|0,false,0.25,0.6217,0.4325,0.6217,0.5683,0.5683,0.52
4,snp428,106|68,20|128,7|176=>0|0,false,0.0,0.4633,0.195,0.4633,0.6087,0.6087,0.8233
4,snp429,152|6=>0|0,121|28,72|91,false,0.25,0.48,0.22,0.48,0.3814,0.3814,0.4667
4,snp430,70|114,159|33,184|4=>0|0,false,0.25,0.3733,0.06,0.3733,0.391,0.391,0.93
4,snp431,64|90,103|42,60|81,false,0.5,0.2667,0.2667,0.2667,0.4841,0.4841,0.92
4,snp432,48|90,85|25,99|7,false,0.0,0.41,0.41,0.41,0.3446,0.3446,0.6667
4,snp433,64|46,71|8,45|48,false,0.0,0.53,0.53,0.53,0.3617,0.3617,0.51
4,snp434,82|100,7|182,85|107,false,0.0,0.0617,0.0617,0.0617,0.6909,0.6909,1.2333
4,snp435,0|0,26|146,103|72,false,0.0,0.4217,0.1325,0.4217,0.6282,0.6282,0.5533
4,snp436,0|0,57|14,45|28,false,0.0,0.76,0.64,0.76,0.2917,0.2917,0.08
4,snp437,12|148,61|36,15|91,false,0.0,0.395,0.395,0.395,0.7576,0.7576,0.7033
4,snp438,166|6=>0|0,148|31,86|86,false,0.0,0.415,0.1225,0.415,0.3333,0.3333,0.5067
4,snp439,54|62,116|15,136|1=>0|0,false,0.25,0.5883,0.3825,0.5883,0.3117,0.3117,0.6
4,snp440,82|96,1|141=>0|0,71|86,false,0.0,0.4417,0.1625,0.4417,0.5433,0.5433,0.8133
4,snp441,72|88,25|95,103|11,false,0.25,0.3433,0.3433,0.3433,0.4924,0.4924,0.7233
4,snp442,6|140=>0|0,22|91,63|56,false,0.0,0.6133,0.42,0.6133,0.6336,0.6336,0.2733
4,snp443,0|0,151|24,83|89,false,0.25,0.4217,0.1325,0.4217,0.3256,0.3256,0.51
4,snp444,130|4=>0|0,126|21,52|92,false,0.0,0.515,0.2725,0.515,0.3883,0.3883,0.4733
4,snp445,76|68,102|1=>0|0,36|53,false,0.0,0.6117,0.4175,0.6117,0.5193,0.5193,0.5333
4,snp446,80|92,98|46,69|79,false,0.5,0.2267,0.2267,0.2267,0.4677,0.4677,0.92
4,snp447,84|90,138|33,144|24,false,0.0,0.145,0.145,0.145,0.2865,0.2865,1.08
4,snp448,188|8=>0|0,45|98,134|5=>0|0,false,0.0,0.7617,0.285,0.7617,0.6853,0.6853,0.1533
4,snp449,74|64,45|148,5|192=>0|0,false,0.0,0.4483,0.1725,0.4483,0.6405,0.6405,0.77
4,snp450,0|0,144|15,93|74,false,0.0,0.4567,0.185,0.4567,0.273,0.273,0.4533
4,snp451,102|76,179|7,96|92,false,0.0,0.08,0.08,0.08,0.317,0.317,1.2133
4,snp452,106|58,0|0,76|69,false,0.0,0.485,0.2275,0.485,0.411,0.411,0.7833
4,snp453,172|2=>0|0,34|80,87|2=>0|0,false,0.0,0.81,0.43,0.81,0.7018,0.7018,0.0867
4,snp454,94|70,35|122,5|162=>0|0,false,0.0,0.465,0.1975,0.465,0.5981,0.5981,0.7733
4,snp455,80|110,2|150=>0|0,63|99,false,0.0,0.4133,0.12,0.4133,0.5938,0.5938,0.8433
4,snp456,64|82,7|178,95|82,false,0.0,0.1533,0.1533,0.1533,0.6732,0.6732,1.06
4,snp457,64|82,120|20,134|3=>0|0,false,0.0,0.5233,0.285,0.5233,0.3566,0.3566,0.6767
4,snp458,64|42,73|11,3|88=>0|0,false,0.25,0.6833,0.525,0.6833,0.2789,0.2789,0.48
4,snp459,10|152,19|87,49|74,false,0.25,0.3483,0.3483,0.3483,0.8005,0.8005,0.6933
4,snp460,2|140=>0|0,136|59,1|189=>0|0,false,0.0,0.675,0.025,0.675,0.3026,0.3026,0.3167
4,snp461,50|72,1|80=>0|0,39|47,false,0.0,0.6533,0.48,0.6533,0.5721,0.5721,0.4633
4,snp462,120|12,58|93,134|17,false,0.25,0.2767,0.2767,0.2767,0.2811,0.2811,0.8833
4,snp463,146|2=>0|0,27|84,86|3=>0|0,false,0.0,0.815,0.445,0.815,0.7568,0.7568,0.1033
4,snp464,0|0,38|144,98|88,false,0.0,0.3867,0.08,0.3867,0.6304,0.6304,0.5667
4,snp465,184|4=>0|0,43|96,146|4=>0|0,false,0.0,0.7683,0.305,0.7683,0.6906,0.6906,0.16
4,snp466,8|156=>0|0,30|133,80|93,false,0.0,0.44,0.16,0.44,0.6726,0.6726,0.55
4,snp467,76|108,139|34,169|4=>0|0,false,0.0,0.405,0.1075,0.405,0.3978,0.3978,0.86
4,snp468,102|80,40|89,66|55,false,0.0,0.28,0.28,0.28,0.5185,0.5185,0.8833
4,snp469,0|0,54|99,148|10,false,0.0,0.4817,0.2225,0.4817,0.3505,0.3505,0.4
4,snp470,62|76,23|116,0|0,false,0.25,0.5383,0.3075,0.5383,0.6931,0.6931,0.6767
4,snp471,60|74,0|0,60|59,false,0.0,0.5783,0.3675,0.5783,0.5257,0.5257,0.6133
4,snp472,78|88,2|158=>0|0,97|67,false,0.0,0.45,0.175,0.45,0.4697,0.4697,0.7867
4,snp473,0|0,113|18,83|44,false,0.0,0.57,0.355,0.57,0.2403,0.2403,0.24
4,snp474,168|2=>0|0,152|30,92|93,false,0.0,0.3883,0.0825,0.3883,0.3351,0.3351,0.61
4,snp475,68|104,30|143,168|11,false,0.0,0.1267,0.1267,0.1267,0.4924,0.4924,1.1333
4,snp476,110|84,160|25,3|183=>0|0,false,0.0,0.3683,0.0525,0.3683,0.2876,0.2876,0.93
4,snp477,2|140=>0|0,135|30,98|88,false,0.0,0.415,0.1225,0.415,0.3362,0.3362,0.5633
4,snp478,66|88,2|188=>0|0,94|93,false,0.25,0.4317,0.1475,0.4317,0.5308,0.5308,0.8133
4,snp479,96|80,143|39,9|173=>0|0,false,0.0,0.4033,0.105,0.4033,0.3324,0.3324,0.89
4,snp480,78|106,125|53,83|91,false,0.0,0.1067,0.1067,0.1067,0.4664,0.4664,1.1467
4,snp481,6|148=>0|0,31|104,81|65,false,0.25,0.5317,0.2975,0.5317,0.6014,0.6014,0.3767
4,snp482,98|76,0|0,62|69,false,0.0,0.4917,0.2375,0.4917,0.4754,0.4754,0.71
4,snp483,0|0,104|44,3|132=>0|0,false,0.0,0.7533,0.26,0.7533,0.2973,0.2973,0.18
4,snp484,96|68,42|109,15|121,false,0.0,0.2483,0.2483,0.2483,0.6608,0.6608,0.8667
4,snp485,16|146,123|72,46|150,false,0.25,0.0783,0.0783,0.0783,0.6655,0.6655,1.19
4,snp486,158|10,135|36,43|100,false,0.25,0.1967,0.1967,0.1967,0.3029,0.3029,1.04
4,snp487,106|82,26|142,1|155=>0|0,false,0.0,0.4067,0.11,0.4067,0.6292,0.6292,0.8833
4,snp488,92|80,34|147,0|0,false,0.0,0.4117,0.1175,0.4117,0.6431,0.6431,0.87
4,snp489,106|70,32|127,0|0,false,0.0,0.4417,0.1625,0.4417,0.5881,0.5881,0.8233
4,snp490,72|90,9|123,74|65,false,0.0,0.2783,0.2783,0.2783,0.642,0.642,0.86
4,snp491,106|64,150|21,0|0,false,0.0,0.4317,0.1475,0.4317,0.2493,0.2493,0.85
4,snp492,70|70,15|80,8|94,false,0.25,0.4383,0.4383,0.4383,0.724,0.724,0.5933
4,snp493,4|126=>0|0,69|45,1|115=>0|0,false,0.0,0.81,0.43,0.81,0.3947,0.3947,0.13
4,snp494,112|74,32|163,5|190=>0|0,false,0.0,0.365,0.0475,0.365,0.622,0.622,0.9433
4,snp495,68|112,98|46,76|80,false,0.0,0.2,0.2,0.2,0.4958,0.4958,0.9867
4,snp496,64|102,65|43,57|63,false,0.25,0.3433,0.3433,0.3433,0.5279,0.5279,0.7633
4,snp497,4|154=>0|0,9|76,43|48,false,0.5,0.7067,0.56,0.7067,0.7045,0.7045,0.0733
4,snp498,82|112,136|48,103|85,false,0.5,0.0567,0.0567,0.0567,0.4329,0.4329,1.2233
4,snp499,0|0,27|128,73|68,false,0.0,0.5067,0.26,0.5067,0.6622,0.6622,0.4833
4,snp500,68|50,26|106,21|115,false,0.25,0.3567,0.3567,0.3567,0.7021,0.7021,0.7733
