##col_1, individual, individual (founder or offsring) ID 
##col_2, missfrac, fraction of missing genotypes in the individual
##col_3, isfounder, if the individual is a founder
##col_4, keep, the individual is removed if keep = false
individual,missfrac,isfounder,keep
P1,0.0823293172690763,true,true
P2,0.08433734939759036,true,true
P3,0.11244979919678715,true,true
P4,0.15461847389558234,true,true
pop1_1,0.5140562248995983,false,true
pop1_2,0.5160642570281124,false,true
pop1_3,0.4919678714859438,false,true
pop1_4,0.4718875502008032,false,true
pop1_5,0.5040160642570282,false,true
pop1_6,0.4879518072289157,false,true
pop1_7,0.5140562248995983,false,true
pop1_8,0.5261044176706827,false,true
pop1_9,0.5160642570281124,false,true
pop1_10,0.4939759036144578,false,true
pop1_11,0.5160642570281124,false,true
pop1_12,0.5040160642570282,false,true
pop1_13,0.4939759036144578,false,true
pop1_14,0.5040160642570282,false,true
pop1_15,0.5,false,true
pop1_16,0.5341365461847389,false,true
pop1_17,0.5140562248995983,false,true
pop1_18,0.5080321285140562,false,true
pop1_19,0.4979919678714859,false,true
pop1_20,0.4939759036144578,false,true
pop1_21,0.5020080321285141,false,true
pop1_22,0.4799196787148594,false,true
pop1_23,0.4939759036144578,false,true
pop1_24,0.4939759036144578,false,true
pop1_25,0.4959839357429719,false,true
pop1_26,0.5020080321285141,false,true
pop1_27,0.5341365461847389,false,true
pop1_28,0.5020080321285141,false,true
pop1_29,0.5100401606425703,false,true
pop1_30,0.4959839357429719,false,true
pop1_31,0.5,false,true
pop1_32,0.4839357429718876,false,true
pop1_33,0.4839357429718876,false,true
pop1_34,0.4839357429718876,false,true
pop1_35,0.5020080321285141,false,true
pop1_36,0.4899598393574297,false,true
pop1_37,0.5120481927710844,false,true
pop1_38,0.5080321285140562,false,true
pop1_39,0.4738955823293173,false,true
pop1_40,0.4859437751004016,false,true
pop1_41,0.5240963855421686,false,true
pop1_42,0.5180722891566265,false,true
pop1_43,0.5020080321285141,false,true
pop1_44,0.5120481927710844,false,true
pop1_45,0.5020080321285141,false,true
pop1_46,0.4819277108433735,false,true
pop1_47,0.5160642570281124,false,true
pop1_48,0.4759036144578313,false,true
pop1_49,0.5040160642570282,false,true
pop1_50,0.4979919678714859,false,true
pop1_51,0.4839357429718876,false,true
pop1_52,0.5200803212851406,false,true
pop1_53,0.4879518072289157,false,true
pop1_54,0.5040160642570282,false,true
pop1_55,0.4919678714859438,false,true
pop1_56,0.5,false,true
pop1_57,0.4939759036144578,false,true
pop1_58,0.5220883534136547,false,true
pop1_59,0.5321285140562249,false,true
pop1_60,0.5,false,true
pop1_61,0.5020080321285141,false,true
pop1_62,0.4899598393574297,false,true
pop1_63,0.4959839357429719,false,true
pop1_64,0.5040160642570282,false,true
pop1_65,0.5,false,true
pop1_66,0.5180722891566265,false,true
pop1_67,0.4839357429718876,false,true
pop1_68,0.5100401606425703,false,true
pop1_69,0.5,false,true
pop1_70,0.5,false,true
pop1_71,0.4959839357429719,false,true
pop1_72,0.4879518072289157,false,true
pop1_73,0.4939759036144578,false,true
pop1_74,0.5220883534136547,false,true
pop1_75,0.5180722891566265,false,true
pop1_76,0.5281124497991968,false,true
pop1_77,0.4839357429718876,false,true
pop1_78,0.4979919678714859,false,true
pop1_79,0.4899598393574297,false,true
pop1_80,0.4899598393574297,false,true
pop1_81,0.5040160642570282,false,true
pop1_82,0.4779116465863454,false,true
pop1_83,0.5060240963855421,false,true
pop1_84,0.4939759036144578,false,true
pop1_85,0.5120481927710844,false,true
pop1_86,0.4879518072289157,false,true
pop1_87,0.5120481927710844,false,true
pop1_88,0.5020080321285141,false,true
pop1_89,0.5040160642570282,false,true
pop1_90,0.5,false,true
pop1_91,0.5060240963855421,false,true
pop1_92,0.4959839357429719,false,true
pop1_93,0.4779116465863454,false,true
pop1_94,0.5140562248995983,false,true
pop1_95,0.4799196787148594,false,true
pop1_96,0.5020080321285141,false,true
pop1_97,0.5180722891566265,false,true
pop1_98,0.4939759036144578,false,true
pop1_99,0.4859437751004016,false,true
pop1_100,0.4799196787148594,false,true
pop2_1,0.41767068273092367,false,true
pop2_2,0.44377510040160645,false,true
pop2_3,0.41566265060240964,false,true
pop2_4,0.41566265060240964,false,true
pop2_5,0.40562248995983935,false,true
pop2_6,0.41365461847389556,false,true
pop2_7,0.40562248995983935,false,true
pop2_8,0.42570281124497994,false,true
pop2_9,0.40160642570281124,false,true
pop2_10,0.43172690763052207,false,true
pop2_11,0.41566265060240964,false,true
pop2_12,0.40160642570281124,false,true
pop2_13,0.41365461847389556,false,true
pop2_14,0.41967871485943775,false,true
pop2_15,0.42971887550200805,false,true
pop2_16,0.40963855421686746,false,true
pop2_17,0.41767068273092367,false,true
pop2_18,0.42971887550200805,false,true
pop2_19,0.40562248995983935,false,true
pop2_20,0.39357429718875503,false,true
pop2_21,0.4397590361445783,false,true
pop2_22,0.39959839357429716,false,true
pop2_23,0.4457831325301205,false,true
pop2_24,0.41164658634538154,false,true
pop2_25,0.39959839357429716,false,true
pop2_26,0.40562248995983935,false,true
pop2_27,0.42168674698795183,false,true
pop2_28,0.42369477911646586,false,true
pop2_29,0.40963855421686746,false,true
pop2_30,0.41164658634538154,false,true
pop2_31,0.40562248995983935,false,true
pop2_32,0.41365461847389556,false,true
pop2_33,0.40562248995983935,false,true
pop2_34,0.42570281124497994,false,true
pop2_35,0.40763052208835343,false,true
pop2_36,0.44176706827309237,false,true
pop2_37,0.42369477911646586,false,true
pop2_38,0.41566265060240964,false,true
pop2_39,0.4036144578313253,false,true
pop2_40,0.41967871485943775,false,true
pop2_41,0.39558232931726905,false,true
pop2_42,0.39959839357429716,false,true
pop2_43,0.42570281124497994,false,true
pop2_44,0.43775100401606426,false,true
pop2_45,0.40562248995983935,false,true
pop2_46,0.39959839357429716,false,true
pop2_47,0.42168674698795183,false,true
pop2_48,0.43172690763052207,false,true
pop2_49,0.4036144578313253,false,true
pop2_50,0.41164658634538154,false,true
pop2_51,0.4036144578313253,false,true
pop2_52,0.42971887550200805,false,true
pop2_53,0.41365461847389556,false,true
pop2_54,0.42570281124497994,false,true
pop2_55,0.41767068273092367,false,true
pop2_56,0.41164658634538154,false,true
pop2_57,0.41164658634538154,false,true
pop2_58,0.41967871485943775,false,true
pop2_59,0.3895582329317269,false,true
pop2_60,0.4036144578313253,false,true
pop2_61,0.42369477911646586,false,true
pop2_62,0.41365461847389556,false,true
pop2_63,0.41365461847389556,false,true
pop2_64,0.41365461847389556,false,true
pop2_65,0.42570281124497994,false,true
pop2_66,0.42369477911646586,false,true
pop2_67,0.41767068273092367,false,true
pop2_68,0.42971887550200805,false,true
pop2_69,0.41767068273092367,false,true
pop2_70,0.41164658634538154,false,true
pop2_71,0.39959839357429716,false,true
pop2_72,0.41164658634538154,false,true
pop2_73,0.42168674698795183,false,true
pop2_74,0.42570281124497994,false,true
pop2_75,0.41967871485943775,false,true
pop2_76,0.42168674698795183,false,true
pop2_77,0.41566265060240964,false,true
pop2_78,0.40160642570281124,false,true
pop2_79,0.40160642570281124,false,true
pop2_80,0.43775100401606426,false,true
pop2_81,0.4457831325301205,false,true
pop2_82,0.41164658634538154,false,true
pop2_83,0.42168674698795183,false,true
pop2_84,0.40763052208835343,false,true
pop2_85,0.42570281124497994,false,true
pop2_86,0.42168674698795183,false,true
pop2_87,0.4036144578313253,false,true
pop2_88,0.39558232931726905,false,true
pop2_89,0.40763052208835343,false,true
pop2_90,0.41767068273092367,false,true
pop2_91,0.40160642570281124,false,true
pop2_92,0.39959839357429716,false,true
pop2_93,0.41164658634538154,false,true
pop2_94,0.40963855421686746,false,true
pop2_95,0.40763052208835343,false,true
pop2_96,0.43373493975903615,false,true
pop2_97,0.39759036144578314,false,true
pop2_98,0.41566265060240964,false,true
pop2_99,0.40963855421686746,false,true
pop2_100,0.42771084337349397,false,true
pop3_1,0.21084337349397592,false,true
pop3_2,0.1927710843373494,false,true
pop3_3,0.18875502008032127,false,true
pop3_4,0.22088353413654618,false,true
pop3_5,0.19879518072289157,false,true
pop3_6,0.20883534136546184,false,true
pop3_7,0.20682730923694778,false,true
pop3_8,0.20281124497991967,false,true
pop3_9,0.20281124497991967,false,true
pop3_10,0.21686746987951808,false,true
pop3_11,0.19879518072289157,false,true
pop3_12,0.21887550200803213,false,true
pop3_13,0.20682730923694778,false,true
pop3_14,0.19477911646586346,false,true
pop3_15,0.22690763052208834,false,true
pop3_16,0.18674698795180722,false,true
pop3_17,0.1827309236947791,false,true
pop3_18,0.2248995983935743,false,true
pop3_19,0.18875502008032127,false,true
pop3_20,0.20080321285140562,false,true
pop3_21,0.20883534136546184,false,true
pop3_22,0.21084337349397592,false,true
pop3_23,0.21285140562248997,false,true
pop3_24,0.18674698795180722,false,true
pop3_25,0.22088353413654618,false,true
pop3_26,0.2248995983935743,false,true
pop3_27,0.21887550200803213,false,true
pop3_28,0.20682730923694778,false,true
pop3_29,0.19477911646586346,false,true
pop3_30,0.19678714859437751,false,true
pop3_31,0.18473895582329317,false,true
pop3_32,0.21084337349397592,false,true
pop3_33,0.19879518072289157,false,true
pop3_34,0.20080321285140562,false,true
pop3_35,0.20281124497991967,false,true
pop3_36,0.19477911646586346,false,true
pop3_37,0.21485943775100402,false,true
pop3_38,0.19678714859437751,false,true
pop3_39,0.19879518072289157,false,true
pop3_40,0.20281124497991967,false,true
pop3_41,0.20481927710843373,false,true
pop3_42,0.23694779116465864,false,true
pop3_43,0.22088353413654618,false,true
pop3_44,0.21485943775100402,false,true
pop3_45,0.20481927710843373,false,true
pop3_46,0.22289156626506024,false,true
pop3_47,0.1927710843373494,false,true
pop3_48,0.21485943775100402,false,true
pop3_49,0.20281124497991967,false,true
pop3_50,0.20883534136546184,false,true
pop3_51,0.22289156626506024,false,true
pop3_52,0.22289156626506024,false,true
pop3_53,0.18072289156626506,false,true
pop3_54,0.2429718875502008,false,true
pop3_55,0.16265060240963855,false,true
pop3_56,0.178714859437751,false,true
pop3_57,0.18875502008032127,false,true
pop3_58,0.20883534136546184,false,true
pop3_59,0.23092369477911648,false,true
pop3_60,0.1927710843373494,false,true
pop3_61,0.18875502008032127,false,true
pop3_62,0.22289156626506024,false,true
pop3_63,0.20281124497991967,false,true
pop3_64,0.22289156626506024,false,true
pop3_65,0.19678714859437751,false,true
pop3_66,0.21285140562248997,false,true
pop3_67,0.21285140562248997,false,true
pop3_68,0.19879518072289157,false,true
pop3_69,0.20281124497991967,false,true
pop3_70,0.1746987951807229,false,true
pop3_71,0.19879518072289157,false,true
pop3_72,0.18875502008032127,false,true
pop3_73,0.20883534136546184,false,true
pop3_74,0.21686746987951808,false,true
pop3_75,0.21887550200803213,false,true
pop3_76,0.21285140562248997,false,true
pop3_77,0.1927710843373494,false,true
pop3_78,0.20481927710843373,false,true
pop3_79,0.20883534136546184,false,true
pop3_80,0.20682730923694778,false,true
pop3_81,0.1927710843373494,false,true
pop3_82,0.20883534136546184,false,true
pop3_83,0.20682730923694778,false,true
pop3_84,0.23694779116465864,false,true
pop3_85,0.20481927710843373,false,true
pop3_86,0.21485943775100402,false,true
pop3_87,0.2389558232931727,false,true
pop3_88,0.19076305220883535,false,true
pop3_89,0.20883534136546184,false,true
pop3_90,0.1927710843373494,false,true
pop3_91,0.20080321285140562,false,true
pop3_92,0.22088353413654618,false,true
pop3_93,0.18674698795180722,false,true
pop3_94,0.21887550200803213,false,true
pop3_95,0.22088353413654618,false,true
pop3_96,0.178714859437751,false,true
pop3_97,0.21887550200803213,false,true
pop3_98,0.19477911646586346,false,true
pop3_99,0.21485943775100402,false,true
pop3_100,0.1927710843373494,false,true
