##col_1, chromosome, chromosome ID
##col_2, marker, marker ID
##col_3, poscm, marker position in centi-Morgan
##col_4, physposbp, marker position in base pair
##col_5, pop1_n11|n12|n22, counts for genotypes 11|12|22 where 1 = referenc eall && 2 = alternative allele for subpopulation = pop1&& "=>0|0|0" denotes that the subpopulation is monomorphic and it is excluded in caluclating heterofreq and freqA2 
##col_6, pop2_n11|n12|n22, counts for genotypes 11|12|22 where 1 = referenc eall && 2 = alternative allele for subpopulation = pop2&& "=>0|0|0" denotes that the subpopulation is monomorphic and it is excluded in caluclating heterofreq and freqA2 
##col_7, pop3_n11|n12|n22, counts for genotypes 11|12|22 where 1 = referenc eall && 2 = alternative allele for subpopulation = pop3&& "=>0|0|0" denotes that the subpopulation is monomorphic and it is excluded in caluclating heterofreq and freqA2 
##col_8, heterofreq, frequency of heterozygous genotypes
##col_9, freqA2, frequency of 2nd allele (alternative allele)
chromosome,marker,poscm,physposbp,pop1_n11|n12|n22,pop2_n11|n12|n22,pop3_n11|n12|n22,heterofreq,freqA2
LG1,snp121,0.0,missing,0|0|0,19|36|9,68|5|4,0.2908,0.2376
LG1,snp114,18.0782,missing,45|0|54,15|45|18,0|0|0,0.2542,0.5339
LG1,snp112,18.0782,missing,0|0|0,0|0|0,65|15|17,0.1546,0.2526
LG1,snp109,18.0782,missing,45|0|54,0|0|0,7|4|86,0.0204,0.7245
LG1,snp111,18.0782,missing,0|0|0,0|0|0,17|15|65,0.1546,0.7474
LG1,snp118,18.6936,missing,0|0|0,0|0|0,64|15|17,0.1562,0.2552
LG1,snp105,19.6149,missing,0|0|0,0|0|0,16|14|64,0.1489,0.7553
LG1,snp106,20.499,missing,0|0|0,17|53|20,9|9|77,0.3351,0.6919
LG1,snp103,23.2745,missing,0|0|0,19|59|22,8|7|80,0.3385,0.6923
LG1,snp108,23.2745,missing,0|0|0,19|59|22,83|5|6,0.3299,0.3093
LG1,snp101,23.2745,missing,45|0|54,19|59|22,0|0|0,0.2965,0.5302
LG1,snp104,24.4209,missing,0|0|0,19|57|19,81|10|9,0.3436,0.3154
LG1,snp97,24.4209,missing,44|0|56,0|0|0,81|10|9,0.05,0.35
LG1,snp102,27.8655,missing,0|0|0,0|0|0,16|12|67,0.1263,0.7684
LG1,snp95,27.8655,missing,42|0|56,0|0|0,80|9|11,0.0455,0.3611
LG1,snp94,27.8655,missing,56|0|42,0|0|0,11|9|80,0.0455,0.6389
LG1,snp93,28.1872,missing,56|0|42,19|50|19,0|0|0,0.2688,0.4624
LG1,snp90,29.9302,missing,0|0|0,18|50|21,80|7|8,0.3098,0.3125
LG1,snp84,35.672,missing,0|0|0,20|52|26,4|6|86,0.299,0.7268
LG1,snp88,35.672,missing,0|0|0,26|52|20,8|7|82,0.3026,0.6744
LG1,snp86,37.612,missing,51|0|47,20|50|26,71|14|12,0.2199,0.4021
LG1,snp83,37.612,missing,51|0|47,0|0|0,89|7|4,0.0354,0.2753
LG1,snp85,37.612,missing,0|0|0,26|50|20,89|7|4,0.2908,0.2679
LG1,snp82,38.5159,missing,0|0|0,20|48|27,4|7|86,0.2865,0.7318
LG1,snp76,39.5997,missing,46|0|51,27|48|19,0|0|0,0.2513,0.4921
LG1,snp79,41.681,missing,0|0|0,0|0|0,68|18|13,0.1818,0.2222
LG1,snp77,41.681,missing,0|0|0,17|52|26,81|10|6,0.3229,0.3281
LG1,snp74,44.0845,missing,0|0|0,28|48|22,85|8|7,0.2828,0.2879
LG1,snp73,44.0845,missing,46|0|51,28|48|22,13|17|70,0.2203,0.5949
LG1,snp66,45.9329,missing,0|0|0,30|49|20,85|5|7,0.2755,0.2755
LG1,snp71,45.9329,missing,0|0|0,30|49|20,6|7|84,0.2857,0.6735
LG1,snp70,45.9329,missing,45|0|52,0|0|0,7|5|85,0.0258,0.7191
LG1,snp64,47.3589,missing,43|0|53,29|50|20,0|0|0,0.2564,0.5026
LG1,snp65,47.3589,missing,0|0|0,20|50|29,83|6|6,0.2887,0.3247
LG1,snp67,48.3892,missing,0|0|0,19|51|28,83|6|7,0.2938,0.3273
LG1,snp60,51.1728,missing,0|0|0,19|52|26,6|3|90,0.2806,0.7321
LG1,snp59,51.1728,missing,56|0|42,0|0|0,90|3|6,0.0152,0.2513
LG1,snp62,52.4573,missing,42|0|56,25|53|21,0|0|0,0.269,0.5254
LG1,snp58,52.4573,missing,0|0|0,21|53|25,7|3|89,0.2828,0.7172
LG1,snp57,52.8044,missing,0|0|0,0|0|0,15|11|71,0.1134,0.7887
LG1,snp54,53.8454,missing,57|0|42,20|50|22,72|12|14,0.2145,0.3772
LG1,snp56,53.8454,missing,0|0|0,0|0|0,72|12|14,0.1224,0.2041
LG1,snp53,53.8454,missing,0|0|0,22|50|20,89|4|7,0.2812,0.2812
LG1,snp51,56.4018,missing,0|0|0,17|47|23,5|4|82,0.2865,0.7331
LG1,snp48,60.0041,missing,58|0|42,21|48|23,69|15|13,0.218,0.3789
LG1,snp46,61.7324,missing,41|0|57,0|0|0,83|9|6,0.0459,0.3444
LG1,snp41,62.8048,missing,0|0|0,26|50|19,84|6|6,0.2932,0.2775
LG1,snp35,62.8048,missing,0|0|0,0|0|0,68|15|12,0.1579,0.2053
LG1,snp40,64.9482,missing,39|0|52,23|49|19,11|12|68,0.2234,0.6209
LG1,snp37,68.1421,missing,0|0|0,23|53|20,9|8|78,0.3194,0.6728
LG1,snp39,68.1421,missing,55|0|44,20|53|23,0|0|0,0.2718,0.4795
LG1,snp36,69.9448,missing,45|0|55,0|0|0,2|3|88,0.0155,0.7487
LG1,snp33,69.9448,missing,55|0|45,0|0|0,9|9|78,0.0459,0.6505
LG1,snp34,69.9448,missing,0|0|0,19|51|22,78|9|9,0.3191,0.3245
LG1,snp32,71.5232,missing,55|0|45,19|46|23,0|0|0,0.2447,0.484
LG1,snp31,71.5232,missing,55|0|45,0|0|0,6|7|77,0.0368,0.6605
LG1,snp21,80.6555,missing,0|0|0,0|0|0,11|14|66,0.1538,0.8022
LG1,snp22,81.4881,missing,54|0|43,25|42|23,0|0|0,0.2246,0.4652
LG1,snp24,81.9371,missing,54|0|43,25|42|22,69|16|10,0.2064,0.3701
LG1,snp23,84.3544,missing,0|0|0,0|0|0,71|15|9,0.1579,0.1737
LG1,snp14,86.9435,missing,50|0|50,28|41|21,67|18|10,0.207,0.3877
LG1,snp16,88.2103,missing,0|0|0,0|0|0,10|19|67,0.1979,0.7969
LG1,snp11,88.6708,missing,51|0|49,22|43|27,0|0|0,0.224,0.5078
LG1,snp10,89.1812,missing,0|0|0,0|0|0,11|17|67,0.1789,0.7947
LG1,snp12,89.2183,missing,49|0|51,27|42|23,0|0|0,0.2188,0.4948
LG1,snp8,91.863,missing,0|0|0,0|0|0,12|17|68,0.1753,0.7887
LG1,snp6,91.863,missing,0|0|0,23|46|26,6|8|85,0.2784,0.7113
LG1,snp9,91.863,missing,45|0|49,0|0|0,82|8|6,0.0421,0.3105
LG1,snp3,91.863,missing,0|0|0,23|46|26,6|8|85,0.2784,0.7113
LG1,snp1,94.2014,missing,0|0|0,21|37|27,5|7|84,0.2431,0.7348
LG2,snp127,19.0504,missing,0|0|0,0|0|0,5|25|66,0.2604,0.8177
LG2,snp129,19.0504,missing,54|0|44,0|0|0,82|13|3,0.0663,0.273
LG2,snp128,19.0504,missing,0|0|0,0|0|0,66|25|5,0.2604,0.1823
LG2,snp130,19.0504,missing,44|0|54,0|0|0,84|12|2,0.0612,0.3163
LG2,snp126,19.0504,missing,0|0|0,20|41|19,2|12|84,0.2978,0.7275
LG2,snp132,19.3535,missing,0|0|0,21|41|19,2|11|82,0.2955,0.7216
LG2,snp133,21.0605,missing,0|0|0,23|44|21,4|11|84,0.2941,0.7086
LG2,snp146,24.6449,missing,0|0|0,20|41|20,79|7|5,0.2791,0.2849
LG2,snp138,24.8288,missing,54|0|42,0|0|0,4|8|83,0.0419,0.6754
LG2,snp139,25.9973,missing,51|0|40,19|38|16,10|18|61,0.2213,0.5731
LG2,snp143,28.9281,missing,52|0|43,0|0|0,4|8|80,0.0428,0.6791
LG2,snp150,36.5052,missing,46|0|53,23|51|22,0|0|0,0.2615,0.5154
LG2,snp149,36.5052,missing,53|0|46,22|51|23,0|0|0,0.2615,0.4846
LG2,snp154,39.3105,missing,0|0|0,24|48|23,79|10|4,0.3085,0.2979
LG2,snp159,41.2833,missing,50|0|46,24|47|25,0|0|0,0.2448,0.4922
LG2,snp158,41.2833,missing,0|0|0,25|47|24,6|10|79,0.2984,0.6885
LG2,snp161,42.1841,missing,52|0|48,25|48|24,0|0|0,0.2437,0.4873
LG2,snp162,44.475,missing,50|0|47,0|0|0,6|10|78,0.0524,0.6806
LG2,snp160,44.475,missing,0|0|0,0|0|0,12|21|58,0.2308,0.7527
LG2,snp164,44.9414,missing,0|0|0,0|0|0,12|21|58,0.2308,0.7527
LG2,snp166,46.2959,missing,0|0|0,24|44|24,5|14|76,0.3102,0.6898
LG2,snp167,48.2759,missing,49|0|51,0|0|0,7|9|83,0.0452,0.696
LG2,snp168,48.434,missing,51|0|49,0|0|0,84|9|7,0.045,0.3025
LG2,snp171,48.434,missing,49|0|51,24|45|27,15|24|61,0.2331,0.5861
LG2,snp170,48.434,missing,51|0|49,0|0|0,8|15|77,0.075,0.6675
LG2,snp180,48.434,missing,49|0|51,0|0|0,7|9|84,0.045,0.6975
LG2,snp169,48.434,missing,51|0|49,27|45|24,61|24|15,0.2331,0.4139
LG2,snp176,50.7645,missing,0|0|0,23|44|28,7|15|78,0.3026,0.6949
LG2,snp173,50.7645,missing,50|0|48,23|44|28,13|23|60,0.2318,0.5865
LG2,snp177,53.0315,missing,51|0|48,0|0|0,6|5|80,0.0263,0.6868
LG2,snp175,53.0315,missing,0|0|0,0|0|0,12|20|59,0.2198,0.7582
LG2,snp179,55.8571,missing,50|0|48,0|0|0,4|5|82,0.0265,0.7011
LG2,snp185,59.6049,missing,0|0|0,29|44|18,81|12|6,0.2947,0.2737
LG2,snp183,60.2801,missing,52|0|48,18|45|29,9|20|65,0.2273,0.6101
LG2,snp181,60.913,missing,52|0|48,18|43|29,8|20|66,0.2218,0.6144
LG2,snp187,61.7258,missing,48|0|52,0|0|0,85|9|4,0.0455,0.3056
LG2,snp186,61.7258,missing,48|0|52,0|0|0,85|9|4,0.0455,0.3056
LG2,snp184,61.8067,missing,52|0|48,0|0|0,4|9|85,0.0455,0.6944
LG2,snp188,61.9881,missing,48|0|52,27|45|18,0|0|0,0.2368,0.4868
LG2,snp190,65.1496,missing,52|0|46,0|0|0,4|8|83,0.0415,0.6891
LG2,snp191,66.2654,missing,0|0|0,0|0|0,8|21|63,0.2283,0.7989
LG2,snp195,69.6118,missing,49|0|46,21|47|24,9|19|57,0.2426,0.5882
LG2,snp194,69.6118,missing,0|0|0,21|47|24,4|10|76,0.3132,0.706
LG2,snp196,74.0414,missing,0|0|0,19|47|22,4|13|76,0.3315,0.7072
LG2,snp200,77.564,missing,0|0|0,21|45|21,4|13|74,0.3258,0.6966
LG2,snp209,79.051,missing,46|0|51,0|0|0,73|4|4,0.0225,0.3202
LG2,snp198,79.051,missing,51|0|46,21|46|23,0|0|0,0.246,0.492
LG2,snp205,84.1144,missing,0|0|0,18|43|17,75|12|2,0.3293,0.2784
LG2,snp201,87.5097,missing,50|0|47,19|46|18,58|25|10,0.2601,0.4048
LG2,snp208,87.5097,missing,50|0|47,0|0|0,79|11|7,0.0567,0.3067
LG2,snp207,87.8675,missing,46|0|50,0|0|0,7|11|79,0.057,0.6969
LG2,snp212,92.0311,missing,45|0|54,20|52|21,12|24|56,0.2676,0.5951
LG2,snp213,92.0311,missing,45|0|54,20|52|21,12|24|56,0.2676,0.5951
LG2,snp216,92.9871,missing,0|0|0,22|51|20,80|10|6,0.3228,0.2989
LG2,snp214,92.9871,missing,53|0|46,22|51|20,0|0|0,0.2656,0.4766
LG2,snp215,94.5531,missing,46|0|53,0|0|0,80|11|7,0.0558,0.3325
LG2,snp217,95.0534,missing,0|0|0,21|49|21,7|11|80,0.3175,0.6931
LG2,snp218,95.1766,missing,45|0|53,0|0|0,79|11|7,0.0564,0.3359
LG2,snp220,98.6712,missing,46|0|53,22|49|20,13|20|56,0.2473,0.586
LG2,snp221,98.6712,missing,46|0|53,0|0|0,77|8|8,0.0417,0.3385
LG2,snp224,100.3955,missing,0|0|0,22|49|20,80|11|5,0.3209,0.2941
LG2,snp226,103.41,missing,0|0|0,24|52|22,8|11|78,0.3231,0.6744
LG2,snp225,103.41,missing,0|0|0,0|0|0,14|25|57,0.2604,0.724
LG2,snp229,103.41,missing,45|0|52,24|52|22,14|25|57,0.2646,0.5825
LG2,snp234,104.3895,missing,54|0|45,22|51|24,55|26|13,0.2655,0.4155
LG2,snp235,104.3895,missing,0|0|0,24|51|22,78|14|5,0.3351,0.3067
LG2,snp232,104.4424,missing,0|0|0,22|51|24,76|11|8,0.3229,0.3281
LG2,snp237,104.8018,missing,53|0|46,22|50|24,0|0|0,0.2564,0.4872
LG2,snp236,104.8018,missing,46|0|53,24|50|22,13|25|55,0.2604,0.5816
LG2,snp239,107.2525,missing,46|0|49,20|45|20,9|22|54,0.2528,0.5906
LG2,snp241,109.207,missing,49|0|51,0|0|0,82|11|4,0.0558,0.3071
LG2,snp242,109.207,missing,0|0|0,22|51|23,4|11|82,0.3212,0.7047
LG2,snp248,109.207,missing,0|0|0,23|51|22,82|11|4,0.3212,0.2953
LG2,snp250,109.207,missing,51|0|49,0|0|0,4|11|82,0.0558,0.6929
LG2,snp249,109.207,missing,51|0|49,23|51|22,14|24|56,0.2586,0.5672
LG2,snp247,109.207,missing,49|0|51,0|0|0,10|12|73,0.0615,0.6667
LG2,snp245,109.207,missing,49|0|51,22|51|23,0|0|0,0.2602,0.5077
LG2,snp246,109.207,missing,51|0|49,23|51|22,14|24|56,0.2586,0.5672
LG3,snp497,1.3977,missing,0|0|0,20|56|19,5|9|80,0.3439,0.6958
LG3,snp498,1.76,missing,41|0|59,20|56|20,56|26|13,0.2818,0.457
LG3,snp499,1.76,missing,0|0|0,20|56|20,8|16|75,0.3692,0.6718
LG3,snp493,1.76,missing,0|0|0,0|0|0,56|26|13,0.2737,0.2737
LG3,snp496,1.76,missing,41|0|59,20|56|20,56|26|13,0.2818,0.457
LG3,snp494,1.76,missing,59|0|41,0|0|0,8|16|75,0.0804,0.6231
LG3,snp495,2.7427,missing,41|0|58,20|54|17,56|25|13,0.2782,0.4489
LG3,snp490,5.1491,missing,41|0|59,20|57|16,0|0|0,0.2953,0.5363
LG3,snp492,5.1491,missing,59|0|41,0|0|0,7|12|73,0.0625,0.625
LG3,snp491,5.1491,missing,59|0|41,0|0|0,78|8|6,0.0417,0.2656
LG3,snp487,7.8054,missing,58|0|41,0|0|0,8|12|72,0.0628,0.623
LG3,snp486,8.3208,missing,0|0|0,22|52|15,81|7|5,0.3242,0.272
LG3,snp484,9.9094,missing,57|0|41,0|0|0,9|14|73,0.0722,0.6237
LG3,snp483,9.9094,missing,0|0|0,0|0|0,56|22|14,0.2391,0.2717
LG3,snp482,10.3088,missing,56|0|42,19|53|23,0|0|0,0.2746,0.4741
LG3,snp480,12.1582,missing,43|0|57,23|56|20,55|24|16,0.2721,0.4524
LG3,snp481,12.5474,missing,0|0|0,20|55|23,7|8|78,0.3298,0.6937
LG3,snp478,13.3245,missing,43|0|55,22|56|21,0|0|0,0.2843,0.5279
LG3,snp476,15.3973,missing,55|0|45,0|0|0,80|11|8,0.0553,0.294
LG3,snp472,15.3973,missing,45|0|55,21|53|20,0|0|0,0.2732,0.5232
LG3,snp475,15.5606,missing,45|0|55,0|0|0,8|11|79,0.0556,0.7045
LG3,snp469,15.7174,missing,0|0|0,0|0|0,17|20|57,0.2128,0.7128
LG3,snp471,16.7211,missing,44|0|56,22|49|21,0|0|0,0.2552,0.5286
LG3,snp466,19.3141,missing,0|0|0,20|45|24,8|8|78,0.2896,0.7022
LG3,snp467,19.3141,missing,42|0|58,0|0|0,74|7|12,0.0363,0.3808
LG3,snp465,20.2161,missing,56|0|39,19|42|22,20|17|53,0.2201,0.5354
LG3,snp456,23.8523,missing,41|0|57,22|44|23,0|0|0,0.2353,0.5455
LG3,snp449,25.2389,missing,56|0|41,0|0|0,8|9|75,0.0476,0.6376
LG3,snp451,26.1162,missing,58|0|39,26|48|22,0|0|0,0.2487,0.4404
LG3,snp448,27.817,missing,0|0|0,0|0|0,13|22|56,0.2418,0.7363
LG3,snp445,27.9232,missing,58|0|37,28|43|22,0|0|0,0.2287,0.4282
LG3,snp442,29.5452,missing,0|0|0,29|41|24,4|11|78,0.2781,0.6845
LG3,snp443,30.1619,missing,0|0|0,24|41|30,76|12|6,0.2804,0.3307
LG3,snp463,30.1619,missing,0|0|0,0|0|0,12|23|55,0.2556,0.7389
LG3,snp438,33.1016,missing,0|0|0,20|40|32,75|12|7,0.2796,0.3495
LG3,snp433,34.8709,missing,57|0|39,33|43|20,0|0|0,0.224,0.4193
LG3,snp435,36.4305,missing,0|0|0,32|45|21,6|11|77,0.2917,0.6562
LG3,snp436,36.4305,missing,0|0|0,32|45|21,78|13|6,0.2974,0.2872
LG3,snp434,36.4305,missing,40|0|59,21|45|32,0|0|0,0.2284,0.5761
LG3,snp431,38.1899,missing,40|0|60,20|44|27,57|23|13,0.2359,0.4701
LG3,snp427,38.6838,missing,59|0|41,0|0|0,8|13|78,0.0653,0.6307
LG3,snp425,38.6838,missing,0|0|0,20|45|30,8|13|78,0.299,0.7062
LG3,snp428,38.6838,missing,59|0|41,0|0|0,8|13|78,0.0653,0.6307
LG3,snp423,41.7914,missing,41|0|59,20|45|30,0|0|0,0.2308,0.5718
LG3,snp426,41.7914,missing,41|0|59,20|45|30,55|24|15,0.2388,0.4792
LG3,snp424,41.7914,missing,0|0|0,30|45|20,8|9|75,0.2888,0.6524
LG3,snp420,42.2809,missing,58|0|41,0|0|0,7|12|78,0.0612,0.6378
LG3,snp386,44.6673,missing,0|0|0,0|0|0,52|20|14,0.2326,0.2791
LG3,snp378,44.7341,missing,0|0|0,19|45|25,7|10|74,0.3056,0.7028
LG3,snp419,44.7341,missing,42|0|55,0|0|0,74|10|7,0.0532,0.3564
LG3,snp418,47.0771,missing,0|0|0,25|50|21,74|14|9,0.3316,0.3212
LG3,snp416,49.1043,missing,0|0|0,24|50|24,75|10|11,0.3093,0.3351
LG3,snp384,49.1043,missing,0|0|0,0|0|0,18|21|55,0.2234,0.6968
LG3,snp414,49.9417,missing,0|0|0,23|49|24,76|11|10,0.3109,0.3316
LG3,snp413,49.9417,missing,55|0|40,23|49|24,18|22|56,0.2474,0.5418
LG3,snp415,49.9417,missing,0|0|0,0|0|0,56|22|18,0.2292,0.3021
LG3,snp404,52.4684,missing,0|0|0,0|0|0,17|23|55,0.2421,0.7
LG3,snp411,52.4684,missing,41|0|54,21|51|25,55|23|17,0.2578,0.4634
LG3,snp410,52.4684,missing,0|0|0,21|51|25,75|14|8,0.3351,0.3376
LG3,snp405,54.5312,missing,0|0|0,21|52|25,77|13|7,0.3333,0.3308
LG3,snp403,55.6542,missing,42|0|57,19|51|24,0|0|0,0.2642,0.5518
LG3,snp402,56.557,missing,41|0|56,0|0|0,7|12|74,0.0632,0.7158
LG3,snp392,59.7781,missing,0|0|0,21|47|19,5|8|75,0.3143,0.6943
LG3,snp400,59.7781,missing,0|0|0,19|47|21,9|7|78,0.2983,0.6961
LG3,snp396,59.7781,missing,43|0|57,0|0|0,78|7|9,0.0361,0.3582
LG3,snp401,61.1253,missing,0|0|0,18|47|20,8|7|80,0.3,0.7056
LG3,snp391,64.5641,missing,40|0|58,0|0|0,3|10|74,0.0541,0.7405
LG3,snp389,67.2917,missing,56|0|41,0|0|0,6|4|81,0.0213,0.6596
LG3,snp387,68.4869,missing,41|0|55,0|0|0,4|10|76,0.0538,0.7312
LG3,snp383,73.2993,missing,40|0|58,0|0|0,6|9|80,0.0466,0.7383
LG3,snp380,74.6841,missing,40|0|56,0|0|0,84|4|4,0.0213,0.3298
LG3,snp382,75.616,missing,0|0|0,20|34|14,6|7|76,0.2611,0.7038
LG4,snp261,3.7361,missing,49|0|45,23|38|23,0|0|0,0.2135,0.4888
LG4,snp265,3.7361,missing,0|0|0,23|38|23,80|7|4,0.2571,0.2829
LG4,snp256,5.7447,missing,0|0|0,0|0|0,4|22|69,0.2316,0.8421
LG4,snp258,5.7447,missing,0|0|0,0|0|0,4|22|69,0.2316,0.8421
LG4,snp259,5.7447,missing,44|0|52,0|0|0,82|8|4,0.0421,0.3158
LG4,snp262,7.248,missing,54|0|45,0|0|0,85|11|0,0.0564,0.259
LG4,snp263,7.248,missing,54|0|45,22|41|28,70|23|4,0.223,0.3798
LG4,snp267,9.9057,missing,46|0|54,28|43|21,0|0|0,0.224,0.5026
LG4,snp251,10.8186,missing,54|0|45,20|41|28,0|0|0,0.2181,0.4973
LG4,snp252,12.2359,missing,46|0|54,0|0|0,81|10|3,0.0515,0.3196
LG4,snp269,12.2359,missing,46|0|54,0|0|0,0|10|81,0.0524,0.733
LG4,snp270,12.2359,missing,46|0|54,26|45|23,0|0|0,0.232,0.5129
LG4,snp272,16.2985,missing,49|0|51,0|0|0,82|13|2,0.066,0.302
LG4,snp274,18.4205,missing,0|0|0,0|0|0,6|27|62,0.2842,0.7947
LG4,snp277,19.0,missing,55|0|45,0|0|0,2|14|82,0.0707,0.6768
LG4,snp278,19.0,missing,55|0|45,0|0|0,81|13|4,0.0657,0.2803
LG4,snp282,19.0,missing,45|0|55,23|47|24,6|27|62,0.2561,0.6159
LG4,snp281,19.0,missing,55|0|45,24|47|23,0|0|0,0.2423,0.4716
LG4,snp283,20.6347,missing,44|0|55,23|47|23,0|0|0,0.2448,0.5286
LG4,snp287,27.9646,missing,56|0|44,0|0|0,6|12|78,0.0612,0.6531
LG4,snp291,27.9646,missing,0|0|0,0|0|0,59|26|12,0.268,0.2577
LG4,snp286,27.9646,missing,44|0|56,21|50|26,12|26|59,0.2585,0.6088
LG4,snp288,27.9646,missing,56|0|44,0|0|0,79|12|6,0.0609,0.2843
LG4,snp289,28.1118,missing,44|0|56,21|50|26,0|0|0,0.2538,0.5431
LG4,snp296,30.5951,missing,42|0|58,21|52|26,11|28|57,0.2712,0.6136
LG4,snp297,30.5951,missing,42|0|58,21|52|26,0|0|0,0.2613,0.5528
LG4,snp295,30.5951,missing,0|0|0,0|0|0,11|28|57,0.2917,0.7396
LG4,snp300,30.5951,missing,42|0|58,21|52|26,0|0|0,0.2613,0.5528
LG4,snp299,30.5951,missing,42|0|58,0|0|0,76|11|6,0.057,0.3601
LG4,snp293,30.5951,missing,42|0|58,0|0|0,5|13|76,0.067,0.7242
LG4,snp304,32.6169,missing,0|0|0,0|0|0,10|27|59,0.2812,0.7552
LG4,snp301,32.8135,missing,0|0|0,27|52|20,4|12|78,0.3316,0.6736
LG4,snp303,32.9674,missing,43|0|57,20|52|27,0|0|0,0.2613,0.5528
LG4,snp311,34.7849,missing,0|0|0,24|50|19,76|10|5,0.3261,0.2935
LG4,snp308,34.7989,missing,56|0|44,25|50|19,0|0|0,0.2577,0.4536
LG4,snp306,34.7989,missing,56|0|44,0|0|0,5|10|77,0.0521,0.6562
LG4,snp302,35.2016,missing,0|0|0,23|49|19,4|9|78,0.3187,0.6923
LG4,snp325,38.0551,missing,53|0|43,21|46|18,0|0|0,0.2541,0.4641
LG4,snp313,38.0551,missing,43|0|53,0|0|0,4|11|77,0.0585,0.7207
LG4,snp316,39.6927,missing,0|0|0,20|46|22,6|5|81,0.2833,0.7139
LG4,snp317,39.6927,missing,54|0|41,0|0|0,6|5|81,0.0267,0.6658
LG4,snp319,39.6927,missing,54|0|41,0|0|0,75|12|4,0.0645,0.2742
LG4,snp320,41.8781,missing,0|0|0,23|47|21,84|4|3,0.2802,0.272
LG4,snp321,44.1779,missing,0|0|0,24|49|23,5|13|75,0.328,0.6825
LG4,snp324,45.5959,missing,0|0|0,22|52|24,76|14|7,0.3385,0.3282
LG4,snp323,46.5037,missing,0|0|0,21|51|22,4|5|87,0.2947,0.7211
LG4,snp326,48.4233,missing,0|0|0,0|0|0,65|20|12,0.2062,0.2268
LG4,snp328,48.8752,missing,0|0|0,22|52|22,89|5|6,0.2908,0.2883
LG4,snp333,49.973,missing,53|0|44,0|0|0,75|16|6,0.0825,0.299
LG4,snp332,50.0586,missing,0|0|0,21|53|23,88|5|6,0.2959,0.2959
LG4,snp334,52.5055,missing,46|0|54,23|52|20,12|24|60,0.2612,0.5911
LG4,snp330,53.456,missing,0|0|0,19|50|23,87|7|6,0.2969,0.2995
LG4,snp335,53.6724,missing,56|0|43,0|0|0,6|6|86,0.0305,0.6701
LG4,snp336,55.0086,missing,0|0|0,0|0|0,60|26|12,0.2653,0.2551
LG4,snp338,55.9453,missing,0|0|0,27|52|18,74|18|5,0.3608,0.299
LG4,snp339,56.7096,missing,46|0|54,0|0|0,86|7|6,0.0352,0.3191
LG4,snp344,58.2874,missing,0|0|0,24|52|20,5|8|86,0.3077,0.6974
LG4,snp343,58.2874,missing,0|0|0,24|52|20,5|8|86,0.3077,0.6974
LG4,snp346,58.6214,missing,0|0|0,0|0|0,10|23|58,0.2527,0.7637
LG4,snp345,58.6214,missing,44|0|55,0|0|0,86|8|5,0.0404,0.3232
LG4,snp351,60.8138,missing,0|0|0,23|54|19,4|9|85,0.3247,0.6985
LG4,snp353,61.1574,missing,0|0|0,19|54|23,85|8|3,0.3229,0.2969
LG4,snp349,61.1574,missing,44|0|54,0|0|0,85|8|3,0.0412,0.3144
LG4,snp354,62.9745,missing,0|0|0,18|53|23,5|15|74,0.3617,0.6968
LG4,snp352,63.7537,missing,0|0|0,0|0|0,9|20|58,0.2299,0.7816
LG4,snp362,67.3406,missing,47|0|51,0|0|0,85|9|3,0.0462,0.3
LG4,snp357,68.6001,missing,0|0|0,0|0|0,59|22|8,0.2472,0.2135
LG4,snp361,70.3144,missing,50|0|50,16|53|20,59|25|9,0.2766,0.4184
LG4,snp363,70.3144,missing,50|0|50,20|53|16,0|0|0,0.2804,0.4894
LG4,snp366,71.4654,missing,0|0|0,21|48|15,3|9|84,0.3167,0.7083
LG4,snp365,72.7609,missing,0|0|0,0|0|0,9|23|61,0.2473,0.7796
LG4,snp367,74.833,missing,49|0|49,0|0|0,2|9|84,0.0466,0.7124
LG4,snp369,79.0791,missing,0|0|0,24|38|15,76|9|5,0.2814,0.2605
LG4,snp374,81.8847,missing,46|0|48,17|42|29,62|22|8,0.2336,0.427
LG4,snp375,82.0669,missing,0|0|0,29|42|17,2|9|79,0.2865,0.6826
LG4,snp370,83.9879,missing,0|0|0,0|0|0,8|20|58,0.2326,0.7907
LG4,snp371,84.0297,missing,0|0|0,0|0|0,58|20|8,0.2326,0.2093
