individual,population,phenotype
pop1_1,pop1,-3.089381969521084
pop1_2,pop1,-5.03301193741244
pop1_3,pop1,-2.077759044311207
pop1_4,pop1,-3.703107198162855
pop1_5,pop1,-2.403251706158867
pop1_6,pop1,-2.288730124677068
pop1_7,pop1,-2.965117381233818
pop1_8,pop1,-2.8219615315679083
pop1_9,pop1,-4.017699424363416
pop1_10,pop1,-3.9839416295437458
pop1_11,pop1,-2.527665850205785
pop1_12,pop1,-2.794917275902199
pop1_13,pop1,-4.335816943504433
pop1_14,pop1,-3.0868358541143395
pop1_15,pop1,-3.1016560633475243
pop1_16,pop1,-1.5593616448675998
pop1_17,pop1,-3.5585963744788964
pop1_18,pop1,-2.9615435239622654
pop1_19,pop1,-2.2003851580492975
pop1_20,pop1,-3.471079315725911
pop1_21,pop1,-1.942158371565518
pop1_22,pop1,-1.601837802867495
pop1_23,pop1,-2.729556033829161
pop1_24,pop1,-4.370446993568772
pop1_25,pop1,-1.0183521421867137
pop1_26,pop1,-1.7021429465833215
pop1_27,pop1,-2.8011486124856284
pop1_28,pop1,-2.2663795351723466
pop1_29,pop1,-3.4116591701649686
pop1_30,pop1,-3.5633823551863344
pop1_31,pop1,-1.5653275937371458
pop1_32,pop1,-4.587334111874947
pop1_33,pop1,-4.143706420379106
pop1_34,pop1,-2.8902679646659224
pop1_35,pop1,-4.015668217655072
pop1_36,pop1,-2.777800775645889
pop1_37,pop1,-4.638593829034982
pop1_38,pop1,-2.812329443841031
pop1_39,pop1,-2.288097698296576
pop1_40,pop1,-2.261182400471206
pop1_41,pop1,-1.4437721222368163
pop1_42,pop1,-4.299410494950757
pop1_43,pop1,-1.6696135407843968
pop1_44,pop1,-3.0504739767944846
pop1_45,pop1,-3.476762179689723
pop1_46,pop1,-5.742247293521945
pop1_47,pop1,-1.724423949839325
pop1_48,pop1,-2.4939630190925466
pop1_49,pop1,-1.6592507456071768
pop1_50,pop1,-3.5774088739268297
pop1_51,pop1,-4.250571857803018
pop1_52,pop1,-2.8930576216283233
pop1_53,pop1,-3.4548992241182774
pop1_54,pop1,-1.3039155910309486
pop1_55,pop1,-0.019591092010026845
pop1_56,pop1,-1.975032455497236
pop1_57,pop1,-3.0367019369306107
pop1_58,pop1,-4.077374747672609
pop1_59,pop1,-4.040229389554894
pop1_60,pop1,-2.99031353072541
pop1_61,pop1,-4.456709960056232
pop1_62,pop1,-3.225814299281093
pop1_63,pop1,-3.680660712021676
pop1_64,pop1,-3.6763579421731656
pop1_65,pop1,-3.897102804252987
pop1_66,pop1,-1.4989024324704858
pop1_67,pop1,-3.2254218889880164
pop1_68,pop1,-3.7920537910067265
pop1_69,pop1,-3.5750971396930593
pop1_70,pop1,-2.0705996026358906
pop1_71,pop1,-3.317885469454386
pop1_72,pop1,-1.7743815218496954
pop1_73,pop1,-1.52095017197178
pop1_74,pop1,-1.8756544440906295
pop1_75,pop1,-3.2831820378903376
pop1_76,pop1,-3.0699438722414354
pop1_77,pop1,-2.795159589293901
pop1_78,pop1,-3.1993387563279274
pop1_79,pop1,-3.4016351611393048
pop1_80,pop1,-3.046766786907777
pop1_81,pop1,-2.5877760482361647
pop1_82,pop1,-4.846427328208632
pop1_83,pop1,-4.037445349362235
pop1_84,pop1,-4.345289273951471
pop1_85,pop1,-3.441946531945168
pop1_86,pop1,-3.5564294481072887
pop1_87,pop1,-3.7308845626865077
pop1_88,pop1,-0.9643141182159745
pop1_89,pop1,-3.070241512786157
pop1_90,pop1,-3.2150391597686605
pop1_91,pop1,-2.7613189031807885
pop1_92,pop1,-2.354812950554952
pop1_93,pop1,-1.5432641778955603
pop1_94,pop1,-3.061225661967186
pop1_95,pop1,-1.8778603714631723
pop1_96,pop1,-3.484550874598477
pop1_97,pop1,-1.301260620290319
pop1_98,pop1,-2.016881387513953
pop1_99,pop1,-3.387493661256845
pop1_100,pop1,-3.2367102367306804
pop2_1,pop2,-2.7123906633498946
pop2_2,pop2,-0.41302665037187297
pop2_3,pop2,-2.938056239377774
pop2_4,pop2,-0.9856326511912863
pop2_5,pop2,0.4155178363256143
pop2_6,pop2,-2.1376898739790975
pop2_7,pop2,0.9594902432213127
pop2_8,pop2,1.1383146735627174
pop2_9,pop2,-2.296368413074803
pop2_10,pop2,-3.6325251165556347
pop2_11,pop2,-3.736036657534914
pop2_12,pop2,-2.8422297818803566
pop2_13,pop2,-1.0207539553056888
pop2_14,pop2,-0.3941246334231637
pop2_15,pop2,-4.508149452655184
pop2_16,pop2,-1.3122410815627599
pop2_17,pop2,0.8206457354579536
pop2_18,pop2,-0.39179813846856726
pop2_19,pop2,0.31986913538392936
pop2_20,pop2,-1.1803945493043002
pop2_21,pop2,-0.24979413303388076
pop2_22,pop2,-0.5417343904205942
pop2_23,pop2,-3.2095383805689486
pop2_24,pop2,-0.3371818095370218
pop2_25,pop2,0.2810723451227005
pop2_26,pop2,-1.6939547059395454
pop2_27,pop2,-1.3705947302604822
pop2_28,pop2,-0.678431465543313
pop2_29,pop2,-1.2093380149811492
pop2_30,pop2,2.2232971471133567
pop2_31,pop2,-1.8297714291806808
pop2_32,pop2,-3.7140568215063148
pop2_33,pop2,-0.49254477523568735
pop2_34,pop2,-2.1709118885239107
pop2_35,pop2,0.6779290549097106
pop2_36,pop2,-4.262777513832291
pop2_37,pop2,-1.5761336464065823
pop2_38,pop2,-2.8896408347146627
pop2_39,pop2,-1.8952679979447344
pop2_40,pop2,-0.03721725251394492
pop2_41,pop2,-3.0559877993604876
pop2_42,pop2,-2.5763707302535015
pop2_43,pop2,0.6126254488897267
pop2_44,pop2,0.7853407595769146
pop2_45,pop2,0.1991480477241638
pop2_46,pop2,0.050646433353468814
pop2_47,pop2,-2.2180419864809413
pop2_48,pop2,-1.2888184501439934
pop2_49,pop2,0.635709382562905
pop2_50,pop2,-0.5866994705911597
pop2_51,pop2,-2.004707246796449
pop2_52,pop2,-1.8216224045668368
pop2_53,pop2,-0.6492058269734168
pop2_54,pop2,-1.9354611604984004
pop2_55,pop2,-0.6379871689880421
pop2_56,pop2,-2.2733697892441973
pop2_57,pop2,-0.34602902178563993
pop2_58,pop2,-0.6854987778619601
pop2_59,pop2,-1.370810003697707
pop2_60,pop2,-1.4410724931683392
pop2_61,pop2,-0.6241112527499568
pop2_62,pop2,-3.229370827780503
pop2_63,pop2,1.6311614077241785
pop2_64,pop2,-2.3448717898324922
pop2_65,pop2,0.6953699151088035
pop2_66,pop2,-2.225665805982693
pop2_67,pop2,-2.0288294765468025
pop2_68,pop2,0.2826669319636972
pop2_69,pop2,-2.8707664092368663
pop2_70,pop2,-2.5213272388269936
pop2_71,pop2,-0.5968062250243251
pop2_72,pop2,-1.4220424887373242
pop2_73,pop2,-1.5559344487345548
pop2_74,pop2,-1.5918395736052926
pop2_75,pop2,-1.1430830321690608
pop2_76,pop2,-2.5177313556557035
pop2_77,pop2,-1.012375274992387
pop2_78,pop2,0.6157475525181639
pop2_79,pop2,-0.07391946521015597
pop2_80,pop2,-1.8345498659361625
pop2_81,pop2,-0.5269419228511036
pop2_82,pop2,-0.8502504648474603
pop2_83,pop2,-0.042097899510104245
pop2_84,pop2,-1.592561046109144
pop2_85,pop2,-0.29161065129743347
pop2_86,pop2,0.5167409953557517
pop2_87,pop2,-1.329301919968394
pop2_88,pop2,-0.6786919900858391
pop2_89,pop2,-0.3105344663633882
pop2_90,pop2,-3.0761843460300136
pop2_91,pop2,-0.15886986615448984
pop2_92,pop2,-0.1807886919552895
pop2_93,pop2,-2.6555454899240303
pop2_94,pop2,-3.7933823997389053
pop2_95,pop2,-1.9786653815599173
pop2_96,pop2,-0.9521579207090572
pop2_97,pop2,-1.4351264193457576
pop2_98,pop2,-1.9294294578001703
pop2_99,pop2,-2.452578733819853
pop2_100,pop2,-2.4745643167710965
pop3_1,pop3,-3.421742253505033
pop3_2,pop3,-1.9803631900652077
pop3_3,pop3,-3.4165599085423604
pop3_4,pop3,-4.062238010064204
pop3_5,pop3,-2.183791793855243
pop3_6,pop3,-3.975435147851343
pop3_7,pop3,-2.4493156344284057
pop3_8,pop3,-0.9367410934615306
pop3_9,pop3,-3.176054636101124
pop3_10,pop3,-0.9428004235512484
pop3_11,pop3,-1.2095028056564012
pop3_12,pop3,-1.2396052786048242
pop3_13,pop3,-1.4585089427552698
pop3_14,pop3,-1.8968061733954307
pop3_15,pop3,-0.7042107683442088
pop3_16,pop3,-3.9395004797247206
pop3_17,pop3,-2.1727592115112166
pop3_18,pop3,-2.5037281500280137
pop3_19,pop3,0.33621317310829063
pop3_20,pop3,-1.1377103814827685
pop3_21,pop3,-2.3428260297047423
pop3_22,pop3,-2.4802092238044366
pop3_23,pop3,-3.953206553730907
pop3_24,pop3,-3.027818031458989
pop3_25,pop3,-4.945643747739746
pop3_26,pop3,-2.632918546420387
pop3_27,pop3,-2.2115366871583277
pop3_28,pop3,-2.6559528675241038
pop3_29,pop3,-4.215029995504873
pop3_30,pop3,-2.850587551022541
pop3_31,pop3,-3.9934437823246176
pop3_32,pop3,-3.8588864827775584
pop3_33,pop3,-2.904997074182029
pop3_34,pop3,-2.580387443588863
pop3_35,pop3,-3.344021411679934
pop3_36,pop3,-1.827743557741443
pop3_37,pop3,-2.4336009462147152
pop3_38,pop3,-0.740440352922024
pop3_39,pop3,-2.949788296277338
pop3_40,pop3,-2.6983251630111766
pop3_41,pop3,-3.0782949354104368
pop3_42,pop3,-4.071486004303277
pop3_43,pop3,0.8733420831887303
pop3_44,pop3,-2.8926207971508555
pop3_45,pop3,-4.0570284081502255
pop3_46,pop3,-2.0810709158989633
pop3_47,pop3,-1.2342452856816895
pop3_48,pop3,-3.6917465212875182
pop3_49,pop3,-2.918743255736594
pop3_50,pop3,-2.814990275704751
pop3_51,pop3,-2.5336952951803973
pop3_52,pop3,-2.6402719373222885
pop3_53,pop3,-1.2509467260174938
pop3_54,pop3,-2.91465998943918
pop3_55,pop3,-2.347283066303019
pop3_56,pop3,-1.0674556244861235
pop3_57,pop3,-0.8587923851263501
pop3_58,pop3,-2.5000923624471563
pop3_59,pop3,-2.875463469753564
pop3_60,pop3,-3.974576668333324
pop3_61,pop3,-2.342085990746669
pop3_62,pop3,-1.1360681061620483
pop3_63,pop3,-1.1447128340941004
pop3_64,pop3,-3.4800391238297004
pop3_65,pop3,-2.257643784642993
pop3_66,pop3,-2.0945051744134466
pop3_67,pop3,-2.950444405906255
pop3_68,pop3,-3.0628805773540413
pop3_69,pop3,-1.7868948306734287
pop3_70,pop3,-3.140720332631281
pop3_71,pop3,-2.492894635431921
pop3_72,pop3,-1.542677793958936
pop3_73,pop3,0.29992343430921337
pop3_74,pop3,-1.5300258726558695
pop3_75,pop3,-0.6681679221914746
pop3_76,pop3,-2.5018753416661994
pop3_77,pop3,-1.2717083419522601
pop3_78,pop3,-1.9478869811083612
pop3_79,pop3,1.1367767629522412
pop3_80,pop3,-1.573900231954206
pop3_81,pop3,-4.518990657487385
pop3_82,pop3,-1.7824148497637584
pop3_83,pop3,-4.337319217059995
pop3_84,pop3,-4.3369109128753305
pop3_85,pop3,-3.1287050939718224
pop3_86,pop3,-2.6646517748074903
pop3_87,pop3,1.5801836448043647
pop3_88,pop3,1.3251117097334404
pop3_89,pop3,-3.9612609726507184
pop3_90,pop3,-2.7932885512484495
pop3_91,pop3,-4.325166305465695
pop3_92,pop3,0.6626359437410243
pop3_93,pop3,-4.169006612776922
pop3_94,pop3,-2.5667622699993062
pop3_95,pop3,-3.694538510586219
pop3_96,pop3,-5.9073387559482775
pop3_97,pop3,-3.783477355708376
pop3_98,pop3,-2.6980727286655957
pop3_99,pop3,-0.9644927803723401
pop3_100,pop3,-0.4055376231570394
